fusionTranscriptID	fusionGenePair	breakpointID	strand1	strand2	site1	site2	type	confidence	sampleID	toolID
MBNL1::AC079943.2__3:152269092-3:157895838	MBNL1::AC079943.2	3:152269092-3:157895838	+	-	5'UTR/splice-site	exon/splice-site	inversion	high	CAL27	Arriba
MBNL1::AC079943.2__3:152269092-3:157855722	MBNL1::AC079943.2	3:152269092-3:157855722	+	-	5'UTR/splice-site	exon/splice-site	inversion	high	CAL27	Arriba
MBNL1::AC079943.2__3:152269407-3:157895838	MBNL1::AC079943.2	3:152269407-3:157895838	+	-	5'UTR/splice-site	exon/splice-site	inversion	medium	CAL27	Arriba
MBNL1::AC079943.2__3:152269778-3:157895838	MBNL1::AC079943.2	3:152269778-3:157895838	+	-	5'UTR/splice-site	exon/splice-site	inversion	medium	CAL27	Arriba
TVP23C::CDRT4__17:15503098-17:15440285	TVP23C::CDRT4	17:15503098-17:15440285	-	-	CDS	5'UTR/splice-site	deletion/read-through	high	CAL27	Arriba
TVP23C::CDRT4__17:15540433-17:15440285	TVP23C::CDRT4	17:15540433-17:15440285	-	-	CDS/splice-site	5'UTR/splice-site	deletion/read-through	high	CAL27	Arriba
TVP23C::CDRT4__17:15516419-17:15440285	TVP23C::CDRT4	17:15516419-17:15440285	-	-	3'UTR/splice-site	5'UTR/splice-site	deletion/read-through	medium	CAL27	Arriba
TVP23C::CDRT4__17:15540433-17:15453085	TVP23C::CDRT4	17:15540433-17:15453085	-	-	CDS/splice-site	5'UTR/splice-site	deletion/read-through	medium	CAL27	Arriba
TVP23C::CDRT4__17:15540433-17:15438200	TVP23C::CDRT4	17:15540433-17:15438200	-	-	CDS/splice-site	CDS/splice-site	deletion/read-through	medium	CAL27	Arriba
TVP23C::CDRT4__17:15545785-17:15440285	TVP23C::CDRT4	17:15545785-17:15440285	-	-	CDS/splice-site	5'UTR/splice-site	deletion/read-through	low	CAL27	Arriba
PCDHGB2::PCDHGB6__5:141362556-5:141494807	PCDHGB2::PCDHGB6	5:141362556-5:141494807	+	+	CDS	CDS/splice-site	deletion/read-through	high	CAL27	Arriba
PCDHGB2::PCDHGA8__5:141362556-5:141494807	PCDHGB2::PCDHGA8	5:141362556-5:141494807	+	+	CDS	CDS/splice-site	deletion/read-through	high	CAL27	Arriba
PCDHGB2::PCDHGC4__5:141362556-5:141494807	PCDHGB2::PCDHGC4	5:141362556-5:141494807	+	+	CDS	CDS/splice-site	deletion/read-through	high	CAL27	Arriba
PCDHGB2::PCDHGA10__5:141362556-5:141494807	PCDHGB2::PCDHGA10	5:141362556-5:141494807	+	+	CDS	CDS/splice-site	deletion/read-through	high	CAL27	Arriba
PCDHGB2::PCDHGC5__5:141362556-5:141494807	PCDHGB2::PCDHGC5	5:141362556-5:141494807	+	+	CDS	CDS/splice-site	deletion/read-through	high	CAL27	Arriba
PCDHGB2::PCDHGB7__5:141362556-5:141494807	PCDHGB2::PCDHGB7	5:141362556-5:141494807	+	+	CDS	CDS/splice-site	deletion/read-through	high	CAL27	Arriba
PCDHGB2::PCDHGA12__5:141362556-5:141494807	PCDHGB2::PCDHGA12	5:141362556-5:141494807	+	+	CDS	CDS/splice-site	deletion/read-through	high	CAL27	Arriba
PCDHGB2::PCDHGA9__5:141362556-5:141494807	PCDHGB2::PCDHGA9	5:141362556-5:141494807	+	+	CDS	CDS/splice-site	deletion/read-through	high	CAL27	Arriba
PCDHGB2::PCDHGA11__5:141362556-5:141494807	PCDHGB2::PCDHGA11	5:141362556-5:141494807	+	+	CDS	CDS/splice-site	deletion/read-through	high	CAL27	Arriba
PCDHGB2::PCDHGC3__5:141362556-5:141494807	PCDHGB2::PCDHGC3	5:141362556-5:141494807	+	+	CDS	CDS/splice-site	deletion/read-through	high	CAL27	Arriba
GNAI2P1(99589),RPL30P11(2027)::ATF7IP__12:14354815-12:14423909	GNAI2P1(99589),RPL30P11(2027)::ATF7IP	12:14354815-12:14423909	+	+	intergenic	CDS/splice-site	deletion/read-through	high	CAL27	Arriba
MBNL1::SLC66A1L(71761),AC079943.2(65312)__3:152269092-3:157749510	MBNL1::SLC66A1L(71761),AC079943.2(65312)	3:152269092-3:157749510	+	-	5'UTR/splice-site	intergenic	inversion	high	CAL27	Arriba
CICP8::SEPTIN14__7:56364724-7:55796092	CICP8::SEPTIN14	7:56364724-7:55796092	-	-	exon	CDS/splice-site	deletion/3'-3'	high	CAL27	Arriba
ALG1L13P::ALG1L__8:8238191-3:125930629	ALG1L13P::ALG1L	8:8238191-3:125930629	-	-	exon/splice-site	CDS/splice-site	translocation	high	CAL27	Arriba
ALG1L13P::ALG1L__8:8238191-3:125929567	ALG1L13P::ALG1L	8:8238191-3:125929567	-	-	exon/splice-site	CDS/splice-site	translocation	medium	CAL27	Arriba
PDHX(70193),AL356215.1(41871)::UTRN__11:35090784-6:144820882	PDHX(70193),AL356215.1(41871)::UTRN	11:35090784-6:144820882	+	+	intergenic	CDS/splice-site	translocation	high	CAL27	Arriba
NUP93::EGILA__16:56740181-14:20699498	NUP93::EGILA	16:56740181-14:20699498	-	-	intron	exon/splice-site	translocation/3'-3'	high	CAL27	Arriba
PTBP1::KISS1R__19:806743-19:920828	PTBP1::KISS1R	19:806743-19:920828	+	+	exon	3'UTR	deletion/read-through	medium	CAL27	Arriba
TMED7::TICAM2__5:115616318-5:115581315	TMED7::TICAM2	5:115616318-5:115581315	-	-	CDS	5'UTR/splice-site	deletion/read-through	medium	CAL27	Arriba
TNIP3::TNIP3__4:121157125-4:121157142	TNIP3::TNIP3	4:121157125-4:121157142	-	-	CDS	CDS	duplication/ITD	medium	CAL27	Arriba
AL160279.1(17259),CTSL3P(13241)::SMOX__9:87759212-20:4120980	AL160279.1(17259),CTSL3P(13241)::SMOX	9:87759212-20:4120980	-	+	intergenic	exon	translocation	medium	CAL27	Arriba
KLHDC4::AC126696.1(13910),SLC7A5(9637)__16:87736960-16:87820386	KLHDC4::AC126696.1(13910),SLC7A5(9637)	16:87736960-16:87820386	-	-	intron	intergenic	duplication	medium	CAL27	Arriba
SNHG29::SLC1A2-AS1__17:16439414-11:35281815	SNHG29::SLC1A2-AS1	17:16439414-11:35281815	+	+	exon/splice-site	exon	translocation	medium	CAL27	Arriba
GABRA3::TYW1__X:152242031-7:67126187	GABRA3::TYW1	X:152242031-7:67126187	+	+	intron	intron	translocation/3'-3'	medium	CAL27	Arriba
ATL3::AP000753.1(1776),ATL3(640)__11:63625307-11:63623447	ATL3::AP000753.1(1776),ATL3(640)	11:63625307-11:63623447	-	+	3'UTR	intergenic	inversion	medium	CAL27	Arriba
AP000753.1(1782),ATL3(634)::ATL3__11:63623453-11:63625313	AP000753.1(1782),ATL3(634)::ATL3	11:63623453-11:63625313	.	.	intergenic	3'UTR	duplication	medium	CAL27	Arriba
MYD88::OXSR1__3:38142215-3:38187840	MYD88::OXSR1	3:38142215-3:38187840	.	.	3'UTR	intron	duplication	medium	CAL27	Arriba
PCDHGA4::PCDHGB6__5:141357621-5:141494807	PCDHGA4::PCDHGB6	5:141357621-5:141494807	+	+	CDS	CDS/splice-site	deletion/read-through	medium	CAL27	Arriba
PCDHGA4::PCDHGA8__5:141357621-5:141494807	PCDHGA4::PCDHGA8	5:141357621-5:141494807	+	+	CDS	CDS/splice-site	deletion/read-through	medium	CAL27	Arriba
PCDHGA4::PCDHGC4__5:141357621-5:141494807	PCDHGA4::PCDHGC4	5:141357621-5:141494807	+	+	CDS	CDS/splice-site	deletion/read-through	medium	CAL27	Arriba
PCDHGA4::PCDHGA10__5:141357621-5:141494807	PCDHGA4::PCDHGA10	5:141357621-5:141494807	+	+	CDS	CDS/splice-site	deletion/read-through	medium	CAL27	Arriba
PCDHGA4::PCDHGC5__5:141357621-5:141494807	PCDHGA4::PCDHGC5	5:141357621-5:141494807	+	+	CDS	CDS/splice-site	deletion/read-through	medium	CAL27	Arriba
PCDHGA4::PCDHGB7__5:141357621-5:141494807	PCDHGA4::PCDHGB7	5:141357621-5:141494807	+	+	CDS	CDS/splice-site	deletion/read-through	medium	CAL27	Arriba
PCDHGA4::PCDHGA12__5:141357621-5:141494807	PCDHGA4::PCDHGA12	5:141357621-5:141494807	+	+	CDS	CDS/splice-site	deletion/read-through	medium	CAL27	Arriba
PCDHGA4::PCDHGA9__5:141357621-5:141494807	PCDHGA4::PCDHGA9	5:141357621-5:141494807	+	+	CDS	CDS/splice-site	deletion/read-through	medium	CAL27	Arriba
PCDHGA4::PCDHGA11__5:141357621-5:141494807	PCDHGA4::PCDHGA11	5:141357621-5:141494807	+	+	CDS	CDS/splice-site	deletion/read-through	medium	CAL27	Arriba
PCDHGA4::PCDHGC3__5:141357621-5:141494807	PCDHGA4::PCDHGC3	5:141357621-5:141494807	+	+	CDS	CDS/splice-site	deletion/read-through	medium	CAL27	Arriba
HOXD11::HOXD8__2:176104626-2:176131320	HOXD11::HOXD8	2:176104626-2:176131320	+	+	exon/splice-site	CDS/splice-site	deletion/read-through	medium	CAL27	Arriba
TBP::TBP__6:170567423-6:170568864	TBP::TBP	6:170567423-6:170568864	.	.	3'UTR	intron	duplication	medium	CAL27	Arriba
AC005253.1::AC005253.1__19:18559267-19:18561270	AC005253.1::AC005253.1	19:18559267-19:18561270	-	-	exon	intron	duplication	medium	CAL27	Arriba
GPI::AC116611.1__19:34381519-4:32670074	GPI::AC116611.1	19:34381519-4:32670074	+	+	CDS/splice-site	intron	translocation/5'-5'	medium	CAL27	Arriba
SULT1A3::SLX1B__16:30200550-16:29456222	SULT1A3::SLX1B	16:30200550-16:29456222	+	+	exon	intron	duplication	medium	CAL27	Arriba
SLC22A20P::EGILA__11:65239480-14:20699498	SLC22A20P::EGILA	11:65239480-14:20699498	+	-	exon/splice-site	exon/splice-site	translocation	medium	CAL27	Arriba
LINC00265::LINC00265(392),CICP22(3109)__7:39792927-7:39793484	LINC00265::LINC00265(392),CICP22(3109)	7:39792927-7:39793484	.	.	exon	intergenic	inversion	medium	CAL27	Arriba
KXD1::KXD1__19:18559267-19:18561270	KXD1::KXD1	19:18559267-19:18561270	.	.	5'UTR	intron	duplication	medium	CAL27	Arriba
TEAD1(15539),LINC00958(1265)::LINC00958__11:12960276-11:12965196	TEAD1(15539),LINC00958(1265)::LINC00958	11:12960276-11:12965196	-	-	intergenic	exon	duplication	medium	CAL27	Arriba
SGMS2::SLC2A9__4:107911819-4:9845736	SGMS2::SLC2A9	4:107911819-4:9845736	+	-	3'UTR	intron	inversion	medium	CAL27	Arriba
AP000446.1::MIR2117HG__11:83316958-17:43444660	AP000446.1::MIR2117HG	11:83316958-17:43444660	-	+	intron	intergenic	translocation/3'-3'	medium	CAL27	Arriba
AC015712.1::AL358335.3(5293),RNU6-297P(16539)__15:100855348-14:48324687	AC015712.1::AL358335.3(5293),RNU6-297P(16539)	15:100855348-14:48324687	+	-	exon/splice-site	intergenic	translocation	medium	CAL27	Arriba
MBNL1::SLC66A1L__3:152269093-3:157749465	MBNL1::SLC66A1L	3:152269093-3:157749465	+	-	intron	intergenic	inversion/3'-3'	low	CAL27	Arriba
MBNL1-AS1::SLC66A1L__3:152269069-3:157749431	MBNL1-AS1::SLC66A1L	3:152269069-3:157749431	.	.	exon	intergenic	inversion	low	CAL27	Arriba
MBNL1-AS1::SLC66A1L(71763),AC079943.2(65310)__3:152269066-3:157749512	MBNL1-AS1::SLC66A1L(71763),AC079943.2(65310)	3:152269066-3:157749512	.	.	exon	intergenic	inversion	low	CAL27	Arriba
MIR3648-1::SLC1A2__21:8208648-11:35279655	MIR3648-1::SLC1A2	21:8208648-11:35279655	+	+	exon	intron	translocation/5'-5'	low	CAL27	Arriba
AL512590.2::CCDC180__9:97294991-9:97307736	AL512590.2::CCDC180	9:97294991-9:97307736	+	+	exon/splice-site	5'UTR/splice-site	deletion/read-through	low	CAL27	Arriba
AL512590.2::CCDC180__9:97290902-9:97307736	AL512590.2::CCDC180	9:97290902-9:97307736	+	+	exon/splice-site	5'UTR/splice-site	deletion/read-through	low	CAL27	Arriba
LINC02837::LIPG__18:49501751-18:49578178	LINC02837::LIPG	18:49501751-18:49578178	+	+	exon	intron	deletion/read-through	low	CAL27	Arriba
FTLP3(9126),RPL21P2(26063)::SMOX__20:4033570-20:4120980	FTLP3(9126),RPL21P2(26063)::SMOX	20:4033570-20:4120980	+	+	intergenic	exon	deletion/read-through	low	CAL27	Arriba
STX16::NPEPL1__20:58673711-20:58691724	STX16::NPEPL1	20:58673711-20:58691724	+	+	CDS/splice-site	5'UTR/splice-site	deletion/read-through	low	CAL27	Arriba
EPO::ZAN__7:100723111-7:100741978	EPO::ZAN	7:100723111-7:100741978	+	+	CDS	intron	deletion/read-through	low	CAL27	Arriba
RNU7-116P(10805),SYNE2(14589)::SGPP1__14:63747310-14:63698658	RNU7-116P(10805),SYNE2(14589)::SGPP1	14:63747310-14:63698658	-	-	intergenic	CDS/splice-site	deletion/read-through	low	CAL27	Arriba
PTBP1::ARID3A__19:806556-19:929262	PTBP1::ARID3A	19:806556-19:929262	+	+	CDS/splice-site	5'UTR/splice-site	deletion/read-through	low	CAL27	Arriba
PTBP1::ARID3A__19:799443-19:929262	PTBP1::ARID3A	19:799443-19:929262	+	+	CDS/splice-site	5'UTR/splice-site	deletion/read-through	low	CAL27	Arriba
GNG10::SHOC1__9:111669814-9:111755575	GNG10::SHOC1	9:111669814-9:111755575	+	+	3'UTR	intron	deletion/read-through/5'-5'	low	CAL27	Arriba
PEDS1::UBE2V1__20:50127975-20:50096820	PEDS1::UBE2V1	20:50127975-20:50096820	-	-	CDS/splice-site	CDS/splice-site	deletion/read-through	low	CAL27	Arriba
GNL3L::GNL3L(14742),PGAM4P1(35722)__X:54567552-X:54636263	GNL3L::GNL3L(14742),PGAM4P1(35722)	X:54567552-X:54636263	+	+	intron	intergenic	deletion/read-through	low	CAL27	Arriba
KXD1::AC005253.1__19:18559267-19:18561270	KXD1::AC005253.1	19:18559267-19:18561270	.	.	5'UTR	intron	duplication/3'-3'	low	CAL27	Arriba
AC005253.1::KXD1__19:18559267-19:18561270	AC005253.1::KXD1	19:18559267-19:18561270	-	-	exon	intron	duplication/5'-5'	low	CAL27	Arriba
FXYD5::AC020907.1__19:35166325-19:35113347	FXYD5::AC020907.1	19:35166325-19:35113347	+	+	CDS/splice-site	exon/splice-site	duplication	low	CAL27	Arriba
DACH1::RABEPKP1(93475),DACH1(47256)__13:71438607-13:71390710	DACH1::RABEPKP1(93475),DACH1(47256)	13:71438607-13:71390710	-	-	3'UTR	intergenic	deletion/read-through	low	CAL27	Arriba
CSGALNACT2P1::CCDC63__X:100970840-12:110867887	CSGALNACT2P1::CCDC63	X:100970840-12:110867887	+	+	intergenic	intron	translocation	low	CAL27	Arriba
HOXD11::HOXD9__2:176106725-2:176123411	HOXD11::HOXD9	2:176106725-2:176123411	.	.	intron	CDS	deletion/read-through	low	CAL27	Arriba
MPP5::GPHN__14:67241533-14:67088983	MPP5::GPHN	14:67241533-14:67088983	+	+	5'UTR/splice-site	CDS/splice-site	duplication	low	CAL27	Arriba
MX2::BACE2__21:41382564-21:41257158	MX2::BACE2	21:41382564-21:41257158	+	+	CDS/splice-site	CDS/splice-site	duplication	low	CAL27	Arriba
MBNL1::AC079943.2__3:152269092-3:157895838	MBNL1::AC079943.2	3:152269092-3:157895838	+	-	UTR	exonic(no-known-CDS)	.	.	CAL27	FusionCatcher
MBNL1::AC079943.2__3:152269778-3:157895838	MBNL1::AC079943.2	3:152269778-3:157895838	+	-	UTR	exonic(no-known-CDS)	.	.	CAL27	FusionCatcher
MBNL1::AC079943.2__3:152269407-3:157895838	MBNL1::AC079943.2	3:152269407-3:157895838	+	-	UTR	exonic(no-known-CDS)	.	.	CAL27	FusionCatcher
NPIPB5::SMG1__16:22506235-16:18879719	NPIPB5::SMG1	16:22506235-16:18879719	+	-	UTR	CDS(truncated)	.	.	CAL27	FusionCatcher
SMG1::NPIPB5__16:18858170-16:22513522	SMG1::NPIPB5	16:18858170-16:22513522	-	+	CDS(truncated)	UTR	.	.	CAL27	FusionCatcher
SMG1::NPIPB5__16:18858211-16:22513522	SMG1::NPIPB5	16:18858211-16:22513522	-	+	CDS(truncated)	UTR	.	.	CAL27	FusionCatcher
SMG1::NPIPB5__16:18858170-16:22513523	SMG1::NPIPB5	16:18858170-16:22513523	-	+	CDS(truncated)	UTR	.	.	CAL27	FusionCatcher
SMG1::NPIPB5__16:18858171-16:22510896	SMG1::NPIPB5	16:18858171-16:22510896	-	+	CDS(truncated)	intronic	.	.	CAL27	FusionCatcher
SMG1::NPIPB5__16:18858171-16:22513424	SMG1::NPIPB5	16:18858171-16:22513424	-	+	CDS(truncated)	UTR	.	.	CAL27	FusionCatcher
SMG1::NPIPB5__16:18858211-16:22507337	SMG1::NPIPB5	16:18858211-16:22507337	-	+	CDS(truncated)	UTR	.	.	CAL27	FusionCatcher
SMG1::NPIPB5__16:18858170-16:22507337	SMG1::NPIPB5	16:18858170-16:22507337	-	+	CDS(truncated)	UTR	.	.	CAL27	FusionCatcher
SMG1::NPIPB5__16:18858170-16:22513424	SMG1::NPIPB5	16:18858170-16:22513424	-	+	CDS(truncated)	UTR	.	.	CAL27	FusionCatcher
NPEPPS::TBC1D3__17:47592545-17:38191030	NPEPPS::TBC1D3	17:47592545-17:38191030	+	-	CDS(complete)	UTR	.	.	CAL27	FusionCatcher
EXOC3L4::AL161669.4__14:103108517-14:103118803	EXOC3L4::AL161669.4	14:103108517-14:103118803	+	+	CDS(truncated)	exonic(no-known-CDS)	.	.	CAL27	FusionCatcher
SCNN1A::TNFRSF1A__12:6348727-12:6334244	SCNN1A::TNFRSF1A	12:6348727-12:6334244	-	-	in-frame	.	.	.	CAL27	FusionCatcher
SCNN1A::TNFRSF1A__12:6348071-12:6334244	SCNN1A::TNFRSF1A	12:6348071-12:6334244	-	-	in-frame	.	.	.	CAL27	FusionCatcher
NUTM2A-AS1::MINPP1__10:87246115-10:87508336	NUTM2A-AS1::MINPP1	10:87246115-10:87508336	-	+	exonic(no-known-CDS)	CDS(truncated)	.	.	CAL27	FusionCatcher
NUTM2A-AS1::MINPP1__10:87288442-10:87508336	NUTM2A-AS1::MINPP1	10:87288442-10:87508336	-	+	exonic(no-known-CDS)	CDS(truncated)	.	.	CAL27	FusionCatcher
CCDC32::CBX3__15:40561981-7:26201745	CCDC32::CBX3	15:40561981-7:26201745	-	+	UTR	UTR	.	.	CAL27	FusionCatcher
NELFB::TOR4A__9:137272615-9:137282225	NELFB::TOR4A	9:137272615-9:137282225	+	+	CDS(truncated)	UTR	.	.	CAL27	FusionCatcher
NELFB::TOR4A__9:137272615-9:137278653	NELFB::TOR4A	9:137272615-9:137278653	+	+	CDS(truncated)	UTR	.	.	CAL27	FusionCatcher
PTBP1::KISS1R__19:806743-19:920828	PTBP1::KISS1R	19:806743-19:920828	+	+	UTR	UTR	.	.	CAL27	FusionCatcher
CELP::CEL__9:133082383-9:133064404	CELP::CEL	9:133082383-9:133064404	+	+	exonic(no-known-CDS)	CDS(truncated)	.	.	CAL27	FusionCatcher
CELP::CEL__9:133085043-9:133070461	CELP::CEL	9:133085043-9:133070461	+	+	exonic(no-known-CDS)	CDS(truncated)	.	.	CAL27	FusionCatcher
SLCO1A2::ADGRV1__12:21419552-5:90965415	SLCO1A2::ADGRV1	12:21419552-5:90965415	-	+	UTR	CDS(truncated)	.	.	CAL27	FusionCatcher
WDR72::ADGRV1__15:53540975-5:90965415	WDR72::ADGRV1	15:53540975-5:90965415	-	+	out-of-frame	.	.	.	CAL27	FusionCatcher
CIRBP::FAM174C__19:1274440-19:1277183	CIRBP::FAM174C	19:1274440-19:1277183	+	+	UTR	CDS(truncated)	.	.	CAL27	FusionCatcher
CTBS::GNG5__1:84563257-1:84501970	CTBS::GNG5	1:84563257-1:84501970	-	-	in-frame	.	.	.	CAL27	FusionCatcher
ADGRE2::ADGRE5__19:14774256-19:14388702	ADGRE2::ADGRE5	19:14774256-19:14388702	-	+	in-frame	.	.	.	CAL27	FusionCatcher
ADGRE2::ADGRE5__19:14773938-19:14390924	ADGRE2::ADGRE5	19:14773938-19:14390924	-	+	in-frame	.	.	.	CAL27	FusionCatcher
ADGRE5::ADGRE2__19:14388818-19:14772497	ADGRE5::ADGRE2	19:14388818-19:14772497	+	-	in-frame	.	.	.	CAL27	FusionCatcher
ADGRE5::ADGRE2__19:14388500-19:14774054	ADGRE5::ADGRE2	19:14388500-19:14774054	+	-	in-frame	.	.	.	CAL27	FusionCatcher
ADGRE5::ADGRE2__19:14381261-19:14777023	ADGRE5::ADGRE2	19:14381261-19:14777023	+	-	UTR	intronic	.	.	CAL27	FusionCatcher
ADGRE5::ADGRE2__19:14381545-19:14774306	ADGRE5::ADGRE2	19:14381545-19:14774306	+	-	in-frame	.	.	.	CAL27	FusionCatcher
CHRNB4::ADGRV1__15:78720177-5:90965415	CHRNB4::ADGRV1	15:78720177-5:90965415	-	+	UTR	CDS(truncated)	.	.	CAL27	FusionCatcher
COQ8B::NUMBL__19:40692951-19:40686995	COQ8B::NUMBL	19:40692951-19:40686995	-	-	in-frame	.	.	.	CAL27	FusionCatcher
FCN1::SNRPD1__9:134905826-18:21629076	FCN1::SNRPD1	9:134905826-18:21629076	-	+	UTR	CDS(truncated)	.	.	CAL27	FusionCatcher
FCN1::SNRPD1__9:134905832-18:21629112	FCN1::SNRPD1	9:134905832-18:21629112	-	+	UTR	CDS(truncated)	.	.	CAL27	FusionCatcher
MTG1::SCART1__10:133402773-10:133456237	MTG1::SCART1	10:133402773-10:133456237	+	+	out-of-frame	.	.	.	CAL27	FusionCatcher
PTBP1::ARID3A__19:806556-19:929262	PTBP1::ARID3A	19:806556-19:929262	+	+	CDS(truncated)	UTR	.	.	CAL27	FusionCatcher
PTBP1::ARID3A__19:799443-19:929262	PTBP1::ARID3A	19:799443-19:929262	+	+	CDS(truncated)	UTR	.	.	CAL27	FusionCatcher
RAC1::SORL1__7:6402510-11:121629678	RAC1::SORL1	7:6402510-11:121629678	+	+	UTR	UTR	.	.	CAL27	FusionCatcher
RAC1::SORL1__7:6402502-11:121611252	RAC1::SORL1	7:6402502-11:121611252	+	+	UTR	UTR	.	.	CAL27	FusionCatcher
RAC1::SORL1__7:6402520-11:121611252	RAC1::SORL1	7:6402520-11:121611252	+	+	UTR	UTR	.	.	CAL27	FusionCatcher
CATSPER2::PPIP5K1__15:43668028-15:43564992	CATSPER2::PPIP5K1	15:43668028-15:43564992	-	-	UTR	CDS(truncated)	.	.	CAL27	FusionCatcher
PPIP5K1::CATSPER2__15:43564867-15:43640496	PPIP5K1::CATSPER2	15:43564867-15:43640496	-	-	in-frame	.	.	.	CAL27	FusionCatcher
PPIP5K1::CATSPER2__15:43564867-15:43649879	PPIP5K1::CATSPER2	15:43564867-15:43649879	-	-	CDS(complete)	UTR	.	.	CAL27	FusionCatcher
C6ORF47::BAG6__6:31660321-6:31651776	C6ORF47::BAG6	6:31660321-6:31651776	-	-	UTR	UTR	.	.	CAL27	FusionCatcher
CACNA1A::TAF13__19:13622159-1:109063022	CACNA1A::TAF13	19:13622159-1:109063022	-	-	intronic	UTR	.	.	CAL27	FusionCatcher
FXYD5::AC020907.1__19:35166325-19:35113347	FXYD5::AC020907.1	19:35166325-19:35113347	+	+	CDS(truncated)	exonic(no-known-CDS)	.	.	CAL27	FusionCatcher
MED8::ELOVL1__1:43385046-1:43365623	MED8::ELOVL1	1:43385046-1:43365623	-	-	CDS(truncated)	UTR	.	.	CAL27	FusionCatcher
AC017015.1::SET__3:81613031-9:128693908	AC017015.1::SET	3:81613031-9:128693908	+	+	exonic(no-known-CDS)	CDS(truncated)	.	.	CAL27	FusionCatcher
AC017015.1::SET__3:81613031-9:128693944	AC017015.1::SET	3:81613031-9:128693944	+	+	exonic(no-known-CDS)	CDS(truncated)	.	.	CAL27	FusionCatcher
AC017015.1::SET__3:81613070-9:128693938	AC017015.1::SET	3:81613070-9:128693938	+	+	exonic(no-known-CDS)	CDS(truncated)	.	.	CAL27	FusionCatcher
AC017015.1::SET__3:81613071-9:128693972	AC017015.1::SET	3:81613071-9:128693972	+	+	exonic(no-known-CDS)	CDS(truncated)	.	.	CAL27	FusionCatcher
AC017015.1::SET__3:81612934-9:128692682	AC017015.1::SET	3:81612934-9:128692682	+	+	exonic(no-known-CDS)	CDS(truncated)	.	.	CAL27	FusionCatcher
AC017015.1::SET__3:81613036-9:128693976	AC017015.1::SET	3:81613036-9:128693976	+	+	exonic(no-known-CDS)	CDS(truncated)	.	.	CAL27	FusionCatcher
AL162311.3::SMOX__14:35824940-20:4175030	AL162311.3::SMOX	14:35824940-20:4175030	-	+	exonic(no-known-CDS)	UTR	.	.	CAL27	FusionCatcher
AL162311.3::SMOX__14:35824940-20:4120980	AL162311.3::SMOX	14:35824940-20:4120980	-	+	exonic(no-known-CDS)	UTR	.	.	CAL27	FusionCatcher
ALK::ZNF587__2:29396450-19:57864376	ALK::ZNF587	2:29396450-19:57864376	-	+	intronic	UTR	.	.	CAL27	FusionCatcher
ALK::ZNF587__2:29377251-19:57864376	ALK::ZNF587	2:29377251-19:57864376	-	+	intronic	UTR	.	.	CAL27	FusionCatcher
ANAPC16::LINC01972__10:72233524-3:194765553	ANAPC16::LINC01972	10:72233524-3:194765553	+	-	UTR	exonic(no-known-CDS)	.	.	CAL27	FusionCatcher
HSPE1::MOB4__2:197501238-2:197523624	HSPE1::MOB4	2:197501238-2:197523624	+	+	in-frame	.	.	.	CAL27	FusionCatcher
JMJD1C-AS1::REEP3__10:63465432-10:63566338	JMJD1C-AS1::REEP3	10:63465432-10:63566338	+	+	exonic(no-known-CDS)	CDS(truncated)	.	.	CAL27	FusionCatcher
LEAP2::TRAF6__5:132874996-11:36486090	LEAP2::TRAF6	5:132874996-11:36486090	+	-	UTR	UTR	.	.	CAL27	FusionCatcher
NSF::LRRC37A3__17:46704854-17:64892600	NSF::LRRC37A3	17:46704854-17:64892600	+	-	in-frame	.	.	.	CAL27	FusionCatcher
NSF::LRRC37A3__17:46704854-17:64897654	NSF::LRRC37A3	17:46704854-17:64897654	+	-	CDS(truncated)	UTR	.	.	CAL27	FusionCatcher
P2RX4::SSR3__12:121216761-3:156541489	P2RX4::SSR3	12:121216761-3:156541489	+	-	UTR	UTR	.	.	CAL27	FusionCatcher
SET::AC017015.1__9:128694028-3:81612971	SET::AC017015.1	9:128694028-3:81612971	+	+	CDS(truncated)	exonic(no-known-CDS)	.	.	CAL27	FusionCatcher
SET::AC017015.1__9:128694015-3:81612912	SET::AC017015.1	9:128694015-3:81612912	+	+	CDS(truncated)	exonic(no-known-CDS)	.	.	CAL27	FusionCatcher
SET::AC017015.1__9:128694013-3:81613009	SET::AC017015.1	9:128694013-3:81613009	+	+	CDS(truncated)	exonic(no-known-CDS)	.	.	CAL27	FusionCatcher
SET::AC017015.1__9:128693954-3:81613014	SET::AC017015.1	9:128693954-3:81613014	+	+	CDS(truncated)	exonic(no-known-CDS)	.	.	CAL27	FusionCatcher
SET::AC017015.1__9:128694018-3:81613056	SET::AC017015.1	9:128694018-3:81613056	+	+	CDS(truncated)	exonic(no-known-CDS)	.	.	CAL27	FusionCatcher
SOD2::UXT-AS1__6:159680705-X:47661105	SOD2::UXT-AS1	6:159680705-X:47661105	-	+	UTR	exonic(no-known-CDS)	.	.	CAL27	FusionCatcher
TRIM52::RACK1__5:181260001-5:181242345	TRIM52::RACK1	5:181260001-5:181242345	-	-	out-of-frame	.	.	.	CAL27	FusionCatcher
VPS18::AC020661.1__15:40903831-15:40908829	VPS18::AC020661.1	15:40903831-15:40908829	+	+	UTR	exonic(no-known-CDS)	.	.	CAL27	FusionCatcher
AC084375.1::LINC02700__12:4019139-11:94647335	AC084375.1::LINC02700	12:4019139-11:94647335	+	+	exonic(no-known-CDS)	exonic(no-known-CDS)	.	.	CAL27	FusionCatcher
AL162311.3::GPR176__14:35824823-15:39807258	AL162311.3::GPR176	14:35824823-15:39807258	-	-	exonic(no-known-CDS)	CDS(truncated)	.	.	CAL27	FusionCatcher
ALOX12-AS1::TPT1__17:7002484-13:45340184	ALOX12-AS1::TPT1	17:7002484-13:45340184	-	-	exonic(no-known-CDS)	CDS(complete)	.	.	CAL27	FusionCatcher
ARNTL2::SMCO2__12:27418196-12:27470622	ARNTL2::SMCO2	12:27418196-12:27470622	+	+	CDS(truncated)	UTR	.	.	CAL27	FusionCatcher
ATP5MC2::HYDIN__12:53669148-16:71204057	ATP5MC2::HYDIN	12:53669148-16:71204057	-	-	CDS(truncated)	UTR	.	.	CAL27	FusionCatcher
BACE2::FAM3B__21:41257326-21:41319458	BACE2::FAM3B	21:41257326-21:41319458	+	+	CDS(truncated)	UTR	.	.	CAL27	FusionCatcher
CTNNBIP1::CLSTN1__1:9871187-1:9773394	CTNNBIP1::CLSTN1	1:9871187-1:9773394	-	-	in-frame	.	.	.	CAL27	FusionCatcher
G3BP1::FAT2__5:151803636-5:151517765	G3BP1::FAT2	5:151803636-5:151517765	+	-	UTR	CDS(truncated)	.	.	CAL27	FusionCatcher
GBP3::RBMXL1__1:89008947-1:88988351	GBP3::RBMXL1	1:89008947-1:88988351	-	-	CDS(truncated)	UTR	.	.	CAL27	FusionCatcher
ISCA1::TUT7__9:86282378-9:86301601	ISCA1::TUT7	9:86282378-9:86301601	-	-	out-of-frame	.	.	.	CAL27	FusionCatcher
KRT17::KRT42P__17:41620966-17:41628106	KRT17::KRT42P	17:41620966-17:41628106	-	-	CDS(truncated)	exonic(no-known-CDS)	.	.	CAL27	FusionCatcher
KRT42P::KRT17__17:41630419-17:41621754	KRT42P::KRT17	17:41630419-17:41621754	-	-	exonic(no-known-CDS)	CDS(truncated)	.	.	CAL27	FusionCatcher
KRT42P::KRT17__17:41628355-17:41620879	KRT42P::KRT17	17:41628355-17:41620879	-	-	exonic(no-known-CDS)	CDS(truncated)	.	.	CAL27	FusionCatcher
LINC00893::IDS__X:149529367-X:149504293	LINC00893::IDS	X:149529367-X:149504293	-	-	exonic(no-known-CDS)	CDS(truncated)	.	.	CAL27	FusionCatcher
LINC01836::PTBP1__19:783330-19:799413	LINC01836::PTBP1	19:783330-19:799413	+	+	exonic(no-known-CDS)	CDS(truncated)	.	.	CAL27	FusionCatcher
LINC02700::AC084375.1__11:94640322-12:4018982	LINC02700::AC084375.1	11:94640322-12:4018982	+	+	exonic(no-known-CDS)	exonic(no-known-CDS)	.	.	CAL27	FusionCatcher
MAGT1::ATRX__X:77841246-X:77600564	MAGT1::ATRX	X:77841246-X:77600564	-	-	in-frame	.	.	.	CAL27	FusionCatcher
NT5DC1::IQCA1__6:116117945-2:236331597	NT5DC1::IQCA1	6:116117945-2:236331597	+	-	in-frame	.	.	.	CAL27	FusionCatcher
NTAQ1::RAB12__8:123448224-18:8624938	NTAQ1::RAB12	8:123448224-18:8624938	+	+	UTR	CDS(truncated)	.	.	CAL27	FusionCatcher
PMS2::POLR2J3__7:6002453-7:102567083	PMS2::POLR2J3	7:6002453-7:102567083	-	-	in-frame	.	.	.	CAL27	FusionCatcher
POLR2J3::PMS2__7:102566997-7:6006031	POLR2J3::PMS2	7:102566997-7:6006031	-	-	in-frame	.	.	.	CAL27	FusionCatcher
SDF2::KIAA0100__17:28655287-17:28644187	SDF2::KIAA0100	17:28655287-17:28644187	-	-	out-of-frame	.	.	.	CAL27	FusionCatcher
SLC22A20P::HORMAD1__11:65239480-1:150719538	SLC22A20P::HORMAD1	11:65239480-1:150719538	+	-	exonic(no-known-CDS)	UTR	.	.	CAL27	FusionCatcher
UNC119B::ACADS__12:120717042-12:120727026	UNC119B::ACADS	12:120717042-12:120727026	+	+	in-frame	.	.	.	CAL27	FusionCatcher
WDR72::COPG2__15:53540890-7:130564393	WDR72::COPG2	15:53540890-7:130564393	-	-	UTR	CDS(truncated)	.	.	CAL27	FusionCatcher
ZFC3H1::CCT2__12:71623360-12:69592059	ZFC3H1::CCT2	12:71623360-12:69592059	-	+	in-frame	.	.	.	CAL27	FusionCatcher
CDKN2A::CDKN2B__9:21994139-9:22006247	CDKN2A::CDKN2B	9:21994139-9:22006247	-	-	out-of-frame	.	.	.	CAL27	FusionCatcher
CDKN2B::CDKN2A__9:22008798-9:21971208	CDKN2B::CDKN2A	9:22008798-9:21971208	-	-	in-frame	.	.	.	CAL27	FusionCatcher
HACL1::COLQ__3:15563358-3:15489637	HACL1::COLQ	3:15563358-3:15489637	-	-	out-of-frame	.	.	.	CAL27	FusionCatcher
MPP5::GPHN__14:67241533-14:67088983	MPP5::GPHN	14:67241533-14:67088983	+	+	UTR	CDS(truncated)	.	.	CAL27	FusionCatcher
MTMR2::MAML2__11:95888156-11:96093517	MTMR2::MAML2	11:95888156-11:96093517	-	-	in-frame	.	.	.	CAL27	FusionCatcher
NAIP::OCLN__5:70979869-5:69534694	NAIP::OCLN	5:70979869-5:69534694	-	+	out-of-frame	.	.	.	CAL27	FusionCatcher
PTBP3::SUSD1__9:112224133-9:112157613	PTBP3::SUSD1	9:112224133-9:112157613	-	-	out-of-frame	.	.	.	CAL27	FusionCatcher
SLC29A1::HSP90AB1__6:44232428-6:44248630	SLC29A1::HSP90AB1	6:44232428-6:44248630	+	+	in-frame	.	.	.	CAL27	FusionCatcher
UBA2::WTIP__19:34467014-19:34490376	UBA2::WTIP	19:34467014-19:34490376	+	+	in-frame	.	.	.	CAL27	FusionCatcher
ZNF451::BAG2__6:57161152-6:57182032	ZNF451::BAG2	6:57161152-6:57182032	+	+	out-of-frame	.	.	.	CAL27	FusionCatcher
