up_gene	up_chr	up_strand	up_Genome_pos	dw_gene	dw_chr	dw_strand	dw_Genome_pos	locus-locus	Fusion_Type	down_fusion_part_frame-shift_or_not
ADSL	chr22	+	40762502	SGSM3	chr22	+	40796700	M/E	INTRACHR-SS-0GAP	frame-shift
ADSL	chr22	+	40762502	SGSM3	chr22	+	40796700	M/E	INTRACHR-SS-0GAP	frame-shift
ADSL	chr22	+	40762502	SGSM3	chr22	+	40796700	M/E	INTRACHR-SS-0GAP	frame-shift
ADSL	chr22	+	40762502	SGSM3	chr22	+	40796700	M/E	INTRACHR-SS-0GAP	frame-shift
ADSL	chr22	+	40762502	SGSM3	chr22	+	40796700	M/E	INTRACHR-SS-0GAP	frame-shift
ADSL	chr22	+	40762502	SGSM3	chr22	+	40796700	M/E	INTRACHR-SS-0GAP	frame-shift
ADSL	chr22	+	40762502	SGSM3	chr22	+	40796700	M/E	INTRACHR-SS-0GAP	frame-shift
ADSL	chr22	+	40762502	SGSM3	chr22	+	40796700	M/E	INTRACHR-SS-0GAP	frame-shift
ADSL	chr22	+	40762502	SGSM3	chr22	+	40796700	M/E	INTRACHR-SS-0GAP	frame-shift
ADSL	chr22	+	40762502	SGSM3	chr22	+	40796700	M/E	INTRACHR-SS-0GAP	frame-shift
ADSL	chr22	+	40762502	SGSM3	chr22	+	40796700	M/E	INTRACHR-SS-0GAP	frame-shift
ADSL	chr22	+	40762502	SGSM3	chr22	+	40796700	M/E	INTRACHR-SS-0GAP	frame-shift
ADSL	chr22	+	40762502	SGSM3	chr22	+	40796700	M/E	INTRACHR-SS-0GAP	frame-shift
ADSL	chr22	+	40762502	SGSM3	chr22	+	40796700	M/E	INTRACHR-SS-0GAP	frame-shift
AZGP1	chr7	-	99569369	GJC3	chr7	-	99521226	M/E	INTRACHR-SS-0GAP	frame-shift
AZGP1	chr7	-	99569369	GJC3	chr7	-	99521226	M/E	INTRACHR-SS-0GAP	frame-shift
AZGP1	chr7	-	99569369	GJC3	chr7	-	99521226	M/E	INTRACHR-SS-0GAP	frame-shift
AZGP1	chr7	-	99569369	GJC3	chr7	-	99521226	M/E	INTRACHR-SS-0GAP	frame-shift
AZGP1	chr7	-	99569369	GJC3	chr7	-	99521226	M/E	INTRACHR-SS-0GAP	frame-shift
AZGP1	chr7	-	99569369	GJC3	chr7	-	99521226	M/E	INTRACHR-SS-0GAP	frame-shift
AZGP1	chr7	-	99569369	GJC3	chr7	-	99521226	M/E	INTRACHR-SS-0GAP	frame-shift
AZGP1	chr7	-	99569369	GJC3	chr7	-	99521226	M/E	INTRACHR-SS-0GAP	frame-shift
AZGP1	chr7	-	99569369	GJC3	chr7	-	99521226	M/E	INTRACHR-SS-0GAP	frame-shift
AZGP1	chr7	-	99569369	GJC3	chr7	-	99521226	M/E	INTRACHR-SS-0GAP	frame-shift
AZGP1	chr7	-	99569369	GJC3	chr7	-	99521226	M/E	INTRACHR-SS-0GAP	frame-shift
AZGP1	chr7	-	99569369	GJC3	chr7	-	99521226	M/E	INTRACHR-SS-0GAP	frame-shift
AZGP1	chr7	-	99569369	GJC3	chr7	-	99521226	M/E	INTRACHR-SS-0GAP	frame-shift
AZGP1	chr7	-	99569369	GJC3	chr7	-	99521226	M/E	INTRACHR-SS-0GAP	frame-shift
AZGP1	chr7	-	99569369	GJC3	chr7	-	99521226	M/E	INTRACHR-SS-0GAP	frame-shift
AZGP1	chr7	-	99569369	GJC3	chr7	-	99521226	M/E	INTRACHR-SS-0GAP	frame-shift
AZGP1	chr7	-	99569369	GJC3	chr7	-	99521226	M/E	INTRACHR-SS-0GAP	frame-shift
AZGP1	chr7	-	99569369	GJC3	chr7	-	99521226	M/E	INTRACHR-SS-0GAP	frame-shift
AZGP1	chr7	-	99569369	GJC3	chr7	-	99521226	M/E	INTRACHR-SS-0GAP	frame-shift
AZGP1	chr7	-	99569369	GJC3	chr7	-	99521226	M/E	INTRACHR-SS-0GAP	frame-shift
CIRBP	chr19	+	1274439	C19orf24	chr19	+	1277182	E/E	INTRACHR-SS-0GAP	NA
CIRBP	chr19	+	1274439	C19orf24	chr19	+	1277182	E/E	INTRACHR-SS-0GAP	NA
CIRBP	chr19	+	1274439	C19orf24	chr19	+	1277182	E/E	INTRACHR-SS-0GAP	NA
CIRBP	chr19	+	1274439	C19orf24	chr19	+	1277182	E/E	INTRACHR-SS-0GAP	NA
CIRBP	chr19	+	1274439	C19orf24	chr19	+	1277182	E/E	INTRACHR-SS-0GAP	NA
CIRBP	chr19	+	1274439	C19orf24	chr19	+	1277182	E/E	INTRACHR-SS-0GAP	NA
CIRBP	chr19	+	1274439	C19orf24	chr19	+	1277182	E/E	INTRACHR-SS-0GAP	NA
CIRBP	chr19	+	1274439	C19orf24	chr19	+	1277182	E/E	INTRACHR-SS-0GAP	NA
CIRBP	chr19	+	1274439	C19orf24	chr19	+	1277182	E/E	INTRACHR-SS-0GAP	NA
CIRBP	chr19	+	1274439	C19orf24	chr19	+	1277182	E/E	INTRACHR-SS-0GAP	NA
CTBS	chr1	-	85028940	GNG5	chr1	-	84967653	E/E	INTRACHR-SS-0GAP	in-frame
CTBS	chr1	-	85028940	GNG5	chr1	-	84967653	E/E	INTRACHR-SS-0GAP	in-frame
CTBS	chr1	-	85028940	GNG5	chr1	-	84967653	E/E	INTRACHR-SS-0GAP	in-frame
CTBS	chr1	-	85028940	GNG5	chr1	-	84967653	E/E	INTRACHR-SS-0GAP	in-frame
CTBS	chr1	-	85028940	GNG5	chr1	-	84967653	E/E	INTRACHR-SS-0GAP	in-frame
CTBS	chr1	-	85028940	GNG5	chr1	-	84967653	E/E	INTRACHR-SS-0GAP	in-frame
CTBS	chr1	-	85028940	GNG5	chr1	-	84967653	E/E	INTRACHR-SS-0GAP	in-frame
CTBS	chr1	-	85028940	GNG5	chr1	-	84967653	E/E	INTRACHR-SS-0GAP	in-frame
CTBS	chr1	-	85028940	GNG5	chr1	-	84967653	E/E	INTRACHR-SS-0GAP	in-frame
CTBS	chr1	-	85028940	GNG5	chr1	-	84967653	E/E	INTRACHR-SS-0GAP	in-frame
CTBS	chr1	-	85028940	GNG5	chr1	-	84967653	E/E	INTRACHR-SS-0GAP	in-frame
CTBS	chr1	-	85028940	GNG5	chr1	-	84967653	E/E	INTRACHR-SS-0GAP	in-frame
CTBS	chr1	-	85028940	GNG5	chr1	-	84967653	E/E	INTRACHR-SS-0GAP	in-frame
CTBS	chr1	-	85028940	GNG5	chr1	-	84967653	E/E	INTRACHR-SS-0GAP	in-frame
CTBS	chr1	-	85028940	GNG5	chr1	-	84967653	E/E	INTRACHR-SS-0GAP	in-frame
CTBS	chr1	-	85028940	GNG5	chr1	-	84967653	E/E	INTRACHR-SS-0GAP	in-frame
CTBS	chr1	-	85028940	GNG5	chr1	-	84967653	E/E	INTRACHR-SS-0GAP	in-frame
CTBS	chr1	-	85028940	GNG5	chr1	-	84967653	E/E	INTRACHR-SS-0GAP	in-frame
CTBS	chr1	-	85028940	GNG5	chr1	-	84967653	E/E	INTRACHR-SS-0GAP	NA
CTBS	chr1	-	85028940	GNG5	chr1	-	84967653	E/E	INTRACHR-SS-0GAP	in-frame
CTBS	chr1	-	85028940	GNG5	chr1	-	84967653	E/E	INTRACHR-SS-0GAP	NA
CTBS	chr1	-	85028940	GNG5	chr1	-	84967653	E/E	INTRACHR-SS-0GAP	in-frame
CTBS	chr1	-	85028940	GNG5	chr1	-	84967653	E/E	INTRACHR-SS-0GAP	in-frame
CTBS	chr1	-	85028940	GNG5	chr1	-	84967653	E/E	INTRACHR-SS-0GAP	in-frame
CTBS	chr1	-	85028940	GNG5	chr1	-	84967653	E/E	INTRACHR-SS-0GAP	in-frame
CTBS	chr1	-	85028940	GNG5	chr1	-	84967653	E/E	INTRACHR-SS-0GAP	in-frame
CTBS	chr1	-	85028940	GNG5	chr1	-	84967653	E/E	INTRACHR-SS-0GAP	in-frame
CTBS	chr1	-	85028940	GNG5	chr1	-	84967653	E/E	INTRACHR-SS-0GAP	in-frame
CTBS	chr1	-	85028940	GNG5	chr1	-	84967653	E/E	INTRACHR-SS-0GAP	in-frame
CTBS	chr1	-	85028940	GNG5	chr1	-	84967653	E/E	INTRACHR-SS-0GAP	in-frame
CTBS	chr1	-	85028940	GNG5	chr1	-	84967653	E/E	INTRACHR-SS-0GAP	in-frame
CTBS	chr1	-	85028940	GNG5	chr1	-	84967653	E/E	INTRACHR-SS-0GAP	in-frame
CTBS	chr1	-	85028940	GNG5	chr1	-	84967653	E/E	INTRACHR-SS-0GAP	in-frame
CTBS	chr1	-	85028940	GNG5	chr1	-	84967653	E/E	INTRACHR-SS-0GAP	in-frame
CTBS	chr1	-	85028940	GNG5	chr1	-	84967653	E/E	INTRACHR-SS-0GAP	in-frame
CTBS	chr1	-	85028940	GNG5	chr1	-	84967653	E/E	INTRACHR-SS-0GAP	in-frame
CTBS	chr1	-	85028940	GNG5	chr1	-	84967653	E/E	INTRACHR-SS-0GAP	in-frame
CTBS	chr1	-	85028940	GNG5	chr1	-	84967653	E/E	INTRACHR-SS-0GAP	NA
CTBS	chr1	-	85028940	GNG5	chr1	-	84967653	E/E	INTRACHR-SS-0GAP	NA
CTBS	chr1	-	85028940	GNG5	chr1	-	84967653	E/E	INTRACHR-SS-0GAP	in-frame
CTBS	chr1	-	85028940	GNG5	chr1	-	84967653	E/E	INTRACHR-SS-0GAP	in-frame
CTBS	chr1	-	85028940	GNG5	chr1	-	84967653	E/E	INTRACHR-SS-0GAP	in-frame
CTBS	chr1	-	85028940	GNG5	chr1	-	84967653	E/E	INTRACHR-SS-0GAP	in-frame
CTBS	chr1	-	85028940	GNG5	chr1	-	84967653	E/E	INTRACHR-SS-0GAP	in-frame
CTBS	chr1	-	85028940	GNG5	chr1	-	84967653	E/E	INTRACHR-SS-0GAP	in-frame
CTBS	chr1	-	85028940	GNG5	chr1	-	84967653	E/E	INTRACHR-SS-0GAP	in-frame
CTBS	chr1	-	85028940	GNG5	chr1	-	84967653	E/E	INTRACHR-SS-0GAP	in-frame
CTBS	chr1	-	85028940	GNG5	chr1	-	84967653	E/E	INTRACHR-SS-0GAP	in-frame
CTBS	chr1	-	85028940	GNG5	chr1	-	84967653	E/E	INTRACHR-SS-0GAP	in-frame
CTBS	chr1	-	85028940	GNG5	chr1	-	84967653	E/E	INTRACHR-SS-0GAP	in-frame
CTBS	chr1	-	85028940	GNG5	chr1	-	84967653	E/E	INTRACHR-SS-0GAP	in-frame
CTBS	chr1	-	85028940	GNG5	chr1	-	84967653	E/E	INTRACHR-SS-0GAP	in-frame
CTBS	chr1	-	85028940	GNG5	chr1	-	84967653	E/E	INTRACHR-SS-0GAP	in-frame
CTBS	chr1	-	85028940	GNG5	chr1	-	84967653	E/E	INTRACHR-SS-0GAP	in-frame
CTBS	chr1	-	85028940	GNG5	chr1	-	84967653	E/E	INTRACHR-SS-0GAP	in-frame
CTBS	chr1	-	85028940	GNG5	chr1	-	84967653	E/E	INTRACHR-SS-0GAP	in-frame
CTBS	chr1	-	85028940	GNG5	chr1	-	84967653	E/E	INTRACHR-SS-0GAP	in-frame
CTBS	chr1	-	85028940	GNG5	chr1	-	84967653	E/E	INTRACHR-SS-0GAP	in-frame
CTNNBIP1	chr1	-	9931245	CLSTN1	chr1	-	9833452	E/E	INTRACHR-SS-0GAP	in-frame
CTNNBIP1	chr1	-	9931245	CLSTN1	chr1	-	9833452	E/E	INTRACHR-SS-0GAP	in-frame
CTNNBIP1	chr1	-	9931245	CLSTN1	chr1	-	9833452	E/E	INTRACHR-SS-0GAP	in-frame
CTNNBIP1	chr1	-	9931245	CLSTN1	chr1	-	9833452	E/E	INTRACHR-SS-0GAP	in-frame
CTNNBIP1	chr1	-	9931245	CLSTN1	chr1	-	9833452	E/E	INTRACHR-SS-0GAP	in-frame
CTNNBIP1	chr1	-	9931245	CLSTN1	chr1	-	9833452	E/E	INTRACHR-SS-0GAP	in-frame
CTNNBIP1	chr1	-	9931245	CLSTN1	chr1	-	9833452	E/E	INTRACHR-SS-0GAP	in-frame
CTNNBIP1	chr1	-	9931245	CLSTN1	chr1	-	9833452	E/E	INTRACHR-SS-0GAP	in-frame
CTNNBIP1	chr1	-	9931245	CLSTN1	chr1	-	9833452	E/E	INTRACHR-SS-0GAP	in-frame
CTSC	chr11	-	88033698	RAB38	chr11	-	87883123	E/E	INTRACHR-SS-0GAP	NA
CTSC	chr11	-	88033698	RAB38	chr11	-	87883123	E/E	INTRACHR-SS-0GAP	NA
CTSC	chr11	-	88033698	RAB38	chr11	-	87883123	E/E	INTRACHR-SS-0GAP	in-frame
CTSC	chr11	-	88033698	RAB38	chr11	-	87883123	E/E	INTRACHR-SS-0GAP	in-frame
CTSC	chr11	-	88033698	RAB38	chr11	-	87883123	E/E	INTRACHR-SS-0GAP	NA
CTSC	chr11	-	88033698	RAB38	chr11	-	87883123	E/E	INTRACHR-SS-0GAP	in-frame
CTSC	chr11	-	88033698	RAB38	chr11	-	87883123	E/E	INTRACHR-SS-0GAP	in-frame
CTSC	chr11	-	88033698	RAB38	chr11	-	87883123	E/E	INTRACHR-SS-0GAP	in-frame
CTSC	chr11	-	88033698	RAB38	chr11	-	87883123	E/E	INTRACHR-SS-0GAP	in-frame
EEF1D	chr8	-	144661949	NAPRT1	chr8	-	144660113	M/E	INTRACHR-SS-0GAP	NA
EEF1D	chr8	-	144661949	NAPRT1	chr8	-	144660113	M/E	INTRACHR-SS-0GAP	NA
EEF1D	chr8	-	144661949	NAPRT1	chr8	-	144660113	M/E	INTRACHR-SS-0GAP	NA
EEF1DP3	chr13	+	32520318	FRY	chr13	+	32652971	E/E	INTRACHR-OTHER	NA
EEF1DP3	chr13	+	32520318	FRY	chr13	+	32652971	E/E	INTRACHR-OTHER	NA
EEF1DP3	chr13	+	32520318	FRY	chr13	+	32652971	E/E	INTRACHR-OTHER	NA
EEF1DP3	chr13	+	32520318	FRY	chr13	+	32652971	E/E	INTRACHR-OTHER	NA
EEF1DP3	chr13	+	32520318	FRY	chr13	+	32652971	E/E	INTRACHR-OTHER	NA
EEF1DP3	chr13	+	32520318	FRY	chr13	+	32652971	E/E	INTRACHR-OTHER	NA
EEF1DP3	chr13	+	32520318	FRY	chr13	+	32652971	E/E	INTRACHR-OTHER	NA
EEF1DP3	chr13	+	32520318	FRY	chr13	+	32652971	E/E	INTRACHR-OTHER	NA
EEF1DP3	chr13	+	32520318	FRY	chr13	+	32652971	E/E	INTRACHR-OTHER	NA
EEF1DP3	chr13	+	32520318	FRY	chr13	+	32652971	E/E	INTRACHR-OTHER	NA
EEF1DP3	chr13	+	32520318	FRY	chr13	+	32652971	E/E	INTRACHR-OTHER	NA
EEF1DP3	chr13	+	32520318	FRY	chr13	+	32652971	E/E	INTRACHR-OTHER	NA
EEF1DP3	chr13	+	32520318	FRY	chr13	+	32652971	E/E	INTRACHR-OTHER	NA
EEF1DP3	chr13	+	32520318	FRY	chr13	+	32652971	E/E	INTRACHR-OTHER	NA
EEF1DP3	chr13	+	32520318	FRY	chr13	+	32652971	E/E	INTRACHR-OTHER	NA
EEF1DP3	chr13	+	32520318	FRY	chr13	+	32652971	E/E	INTRACHR-OTHER	NA
EEF1DP3	chr13	+	32520318	FRY	chr13	+	32652971	E/E	INTRACHR-OTHER	NA
FAM175A	chr4	-	84384647	HELQ	chr4	-	84375098	E/E	INTRACHR-SS-0GAP	frame-shift
FAM175A	chr4	-	84384647	HELQ	chr4	-	84375098	E/E	INTRACHR-SS-0GAP	frame-shift
FAM175A	chr4	-	84384647	HELQ	chr4	-	84375098	E/E	INTRACHR-SS-0GAP	NA
FAM175A	chr4	-	84384647	HELQ	chr4	-	84375098	E/E	INTRACHR-SS-0GAP	frame-shift
FAM175A	chr4	-	84384647	HELQ	chr4	-	84375098	E/E	INTRACHR-SS-0GAP	NA
FAM175A	chr4	-	84384647	HELQ	chr4	-	84375098	E/E	INTRACHR-SS-0GAP	frame-shift
FAM175A	chr4	-	84384647	HELQ	chr4	-	84375098	E/E	INTRACHR-SS-0GAP	frame-shift
FAM175A	chr4	-	84384647	HELQ	chr4	-	84375098	E/E	INTRACHR-SS-0GAP	frame-shift
FAM175A	chr4	-	84384647	HELQ	chr4	-	84375098	E/E	INTRACHR-SS-0GAP	frame-shift
GKAP1	chr9	-	86431911	KIF27	chr9	-	86530593	E/E	INTRACHR-OTHER	in-frame
GKAP1	chr9	-	86431911	KIF27	chr9	-	86530593	E/E	INTRACHR-OTHER	in-frame
GKAP1	chr9	-	86431911	KIF27	chr9	-	86530593	E/E	INTRACHR-OTHER	in-frame
GKAP1	chr9	-	86431911	KIF27	chr9	-	86530593	E/E	INTRACHR-OTHER	NA
GKAP1	chr9	-	86431911	KIF27	chr9	-	86530593	E/E	INTRACHR-OTHER	NA
GKAP1	chr9	-	86431911	KIF27	chr9	-	86530593	E/E	INTRACHR-OTHER	NA
GKAP1	chr9	-	86431911	KIF27	chr9	-	86530593	E/E	INTRACHR-OTHER	in-frame
GKAP1	chr9	-	86431911	KIF27	chr9	-	86530593	E/E	INTRACHR-OTHER	in-frame
GKAP1	chr9	-	86431911	KIF27	chr9	-	86530593	E/E	INTRACHR-OTHER	in-frame
GKAP1	chr9	-	86431911	KIF27	chr9	-	86530593	E/E	INTRACHR-OTHER	in-frame
GKAP1	chr9	-	86431911	KIF27	chr9	-	86530593	E/E	INTRACHR-OTHER	in-frame
GKAP1	chr9	-	86431911	KIF27	chr9	-	86530593	E/E	INTRACHR-OTHER	in-frame
GKAP1	chr9	-	86431911	KIF27	chr9	-	86530593	E/E	INTRACHR-OTHER	NA
HACL1	chr3	-	15604865	COLQ	chr3	-	15531144	E/E	INTRACHR-OTHER	frame-shift
HACL1	chr3	-	15604865	COLQ	chr3	-	15531144	E/E	INTRACHR-OTHER	frame-shift
HACL1	chr3	-	15604865	COLQ	chr3	-	15531144	E/E	INTRACHR-OTHER	frame-shift
HACL1	chr3	-	15604865	COLQ	chr3	-	15531144	E/E	INTRACHR-OTHER	frame-shift
HACL1	chr3	-	15604865	COLQ	chr3	-	15531144	E/E	INTRACHR-OTHER	frame-shift
HACL1	chr3	-	15604865	COLQ	chr3	-	15531144	E/E	INTRACHR-OTHER	frame-shift
HACL1	chr3	-	15604865	COLQ	chr3	-	15531144	E/E	INTRACHR-OTHER	frame-shift
HACL1	chr3	-	15604865	COLQ	chr3	-	15531144	E/E	INTRACHR-OTHER	frame-shift
HACL1	chr3	-	15604865	COLQ	chr3	-	15531144	E/E	INTRACHR-OTHER	frame-shift
HACL1	chr3	-	15604865	COLQ	chr3	-	15531144	E/E	INTRACHR-OTHER	frame-shift
HACL1	chr3	-	15604865	COLQ	chr3	-	15531144	E/E	INTRACHR-OTHER	frame-shift
HACL1	chr3	-	15604865	COLQ	chr3	-	15531144	E/E	INTRACHR-OTHER	frame-shift
HACL1	chr3	-	15604865	COLQ	chr3	-	15531144	E/E	INTRACHR-OTHER	frame-shift
HACL1	chr3	-	15604865	COLQ	chr3	-	15531144	E/E	INTRACHR-OTHER	frame-shift
HACL1	chr3	-	15604865	COLQ	chr3	-	15531144	E/E	INTRACHR-OTHER	frame-shift
HACL1	chr3	-	15604865	COLQ	chr3	-	15531144	E/E	INTRACHR-OTHER	frame-shift
KANSL1	chr17	-	44171926	ARL17A	chr17	-	44648235	E/E	INTRACHR-OTHER	frame-shift
KANSL1	chr17	-	44171926	ARL17A	chr17	-	44648235	E/E	INTRACHR-OTHER	frame-shift
KANSL1	chr17	-	44171926	ARL17A	chr17	-	44648235	E/E	INTRACHR-OTHER	frame-shift
KANSL1	chr17	-	44171926	ARL17A	chr17	-	44648235	E/E	INTRACHR-OTHER	frame-shift
KANSL1	chr17	-	44171926	ARL17A	chr17	-	44648235	E/E	INTRACHR-OTHER	frame-shift
KANSL1	chr17	-	44171926	ARL17A	chr17	-	44648235	E/E	INTRACHR-OTHER	frame-shift
KANSL1	chr17	-	44171926	ARL17A	chr17	-	44648235	E/E	INTRACHR-OTHER	frame-shift
KANSL1	chr17	-	44171926	ARL17A	chr17	-	44648235	E/E	INTRACHR-OTHER	frame-shift
KANSL1	chr17	-	44171926	ARL17A	chr17	-	44648235	E/E	INTRACHR-OTHER	frame-shift
KANSL1	chr17	-	44171926	ARL17A	chr17	-	44648235	E/E	INTRACHR-OTHER	frame-shift
KANSL1	chr17	-	44171926	ARL17A	chr17	-	44648235	E/E	INTRACHR-OTHER	frame-shift
KANSL1	chr17	-	44171926	ARL17A	chr17	-	44648235	E/E	INTRACHR-OTHER	frame-shift
KANSL1	chr17	-	44171926	ARL17A	chr17	-	44648235	E/E	INTRACHR-OTHER	frame-shift
KANSL1	chr17	-	44171926	ARL17A	chr17	-	44648235	E/E	INTRACHR-OTHER	frame-shift
KANSL1	chr17	-	44171926	ARL17A	chr17	-	44648235	E/E	INTRACHR-OTHER	frame-shift
KANSL1	chr17	-	44171926	ARL17A	chr17	-	44648235	E/E	INTRACHR-OTHER	frame-shift
KANSL1	chr17	-	44171926	ARL17A	chr17	-	44648235	E/E	INTRACHR-OTHER	frame-shift
KANSL1	chr17	-	44171926	ARL17A	chr17	-	44648235	E/E	INTRACHR-OTHER	frame-shift
KANSL1	chr17	-	44171926	ARL17B	chr17	-	44430296	E/E	INTRACHR-OTHER	frame-shift
KANSL1	chr17	-	44171926	ARL17B	chr17	-	44430296	E/E	INTRACHR-OTHER	frame-shift
KANSL1	chr17	-	44171926	ARL17B	chr17	-	44430296	E/E	INTRACHR-OTHER	frame-shift
KANSL1	chr17	-	44171926	ARL17B	chr17	-	44430296	E/E	INTRACHR-OTHER	frame-shift
KANSL1	chr17	-	44171926	ARL17B	chr17	-	44430296	E/E	INTRACHR-OTHER	frame-shift
KANSL1	chr17	-	44171926	ARL17B	chr17	-	44430296	E/E	INTRACHR-OTHER	frame-shift
KANSL1	chr17	-	44171926	ARL17B	chr17	-	44430296	E/E	INTRACHR-OTHER	frame-shift
KANSL1	chr17	-	44171926	ARL17B	chr17	-	44430296	E/E	INTRACHR-OTHER	frame-shift
KANSL1	chr17	-	44171926	ARL17B	chr17	-	44430296	E/E	INTRACHR-OTHER	frame-shift
KANSL1	chr17	-	44171926	ARL17B	chr17	-	44430296	E/E	INTRACHR-OTHER	frame-shift
KANSL1	chr17	-	44171926	ARL17B	chr17	-	44430296	E/E	INTRACHR-OTHER	frame-shift
KANSL1	chr17	-	44171926	ARL17B	chr17	-	44430296	E/E	INTRACHR-OTHER	frame-shift
KANSL1	chr17	-	44171926	ARL17B	chr17	-	44430296	E/E	INTRACHR-OTHER	frame-shift
KANSL1	chr17	-	44171926	ARL17B	chr17	-	44430296	E/E	INTRACHR-OTHER	frame-shift
KANSL1	chr17	-	44171926	ARL17B	chr17	-	44430296	E/E	INTRACHR-OTHER	frame-shift
KANSL1	chr17	-	44171926	ARL17B	chr17	-	44430296	E/E	INTRACHR-OTHER	frame-shift
KANSL1	chr17	-	44171926	ARL17B	chr17	-	44430296	E/E	INTRACHR-OTHER	frame-shift
KANSL1	chr17	-	44171926	ARL17B	chr17	-	44430296	E/E	INTRACHR-OTHER	frame-shift
KANSL1	chr17	-	44171926	ARL17B	chr17	-	44430296	E/E	INTRACHR-OTHER	frame-shift
KANSL1	chr17	-	44171926	ARL17B	chr17	-	44430296	E/E	INTRACHR-OTHER	frame-shift
KANSL1	chr17	-	44171926	ARL17B	chr17	-	44430296	E/E	INTRACHR-OTHER	frame-shift
KANSL1	chr17	-	44171926	ARL17B	chr17	-	44430296	E/E	INTRACHR-OTHER	frame-shift
LINC00680	chr6	-	58285306	GUSBP4	chr6	-	58252788	E/E	INTRACHR-SS-0GAP	NA
LINC00680	chr6	-	58285306	GUSBP4	chr6	-	58252788	E/E	INTRACHR-SS-0GAP	NA
LINC00680	chr6	-	58285306	GUSBP4	chr6	-	58252788	E/E	INTRACHR-SS-0GAP	NA
LINC00680	chr6	-	58285306	GUSBP4	chr6	-	58252788	E/E	INTRACHR-SS-0GAP	NA
LINC00680	chr6	-	58285306	GUSBP4	chr6	-	58252788	E/E	INTRACHR-SS-0GAP	NA
METTL10	chr10	-	126448886	FAM53B	chr10	-	126395455	M/M	INTRACHR-SS-0GAP	NA
METTL10	chr10	-	126448886	FAM53B	chr10	-	126395455	M/M	INTRACHR-SS-0GAP	NA
METTL10	chr10	-	126448886	FAM53B	chr10	-	126395455	M/M	INTRACHR-SS-0GAP	NA
METTL10	chr10	-	126448886	FAM53B	chr10	-	126395455	M/M	INTRACHR-SS-0GAP	NA
METTL10	chr10	-	126448886	FAM53B	chr10	-	126395455	M/M	INTRACHR-SS-0GAP	NA
METTL10	chr10	-	126448886	FAM53B	chr10	-	126395455	M/M	INTRACHR-SS-0GAP	NA
METTL10	chr10	-	126448886	FAM53B	chr10	-	126395455	M/M	INTRACHR-SS-0GAP	NA
METTL10	chr10	-	126448886	FAM53B	chr10	-	126395455	M/M	INTRACHR-SS-0GAP	NA
METTL10	chr10	-	126448886	FAM53B	chr10	-	126395455	M/M	INTRACHR-SS-0GAP	NA
METTL10	chr10	-	126448886	FAM53B	chr10	-	126395455	M/M	INTRACHR-SS-0GAP	NA
METTL10	chr10	-	126448886	FAM53B	chr10	-	126395455	M/M	INTRACHR-SS-0GAP	NA
NOTCH2NL	chr1	+	145290511	NBPF10	chr1	+	145293114	E/M	INTRACHR-SS-0GAP	NA
NOTCH2NL	chr1	+	145290511	NBPF10	chr1	+	145293114	E/M	INTRACHR-SS-0GAP	NA
NOTCH2NL	chr1	+	145290511	NBPF10	chr1	+	145293114	E/M	INTRACHR-SS-0GAP	NA
NOTCH2NL	chr1	+	145290511	NBPF10	chr1	+	145293114	E/M	INTRACHR-SS-0GAP	NA
NOTCH2NL	chr1	+	145290511	NBPF10	chr1	+	145293114	E/M	INTRACHR-SS-0GAP	NA
NOTCH2NL	chr1	+	145290511	NBPF10	chr1	+	145293114	E/M	INTRACHR-SS-0GAP	NA
NOTCH2NL	chr1	+	145290511	NBPF10	chr1	+	145293114	E/M	INTRACHR-SS-0GAP	NA
PRKAA1	chr5	-	40764616	TTC33	chr5	-	40747121	E/E	INTRACHR-SS-0GAP	frame-shift
PRKAA1	chr5	-	40764616	TTC33	chr5	-	40747121	E/E	INTRACHR-SS-0GAP	frame-shift
PRKAA1	chr5	-	40764616	TTC33	chr5	-	40747121	E/E	INTRACHR-SS-0GAP	frame-shift
PRKAA1	chr5	-	40764616	TTC33	chr5	-	40747121	E/E	INTRACHR-SS-0GAP	frame-shift
PRKAA1	chr5	-	40764616	TTC33	chr5	-	40747121	E/E	INTRACHR-SS-0GAP	frame-shift
PRKAA1	chr5	-	40764616	TTC33	chr5	-	40747121	E/E	INTRACHR-SS-0GAP	frame-shift
PRKAA1	chr5	-	40764616	TTC33	chr5	-	40747121	E/E	INTRACHR-SS-0GAP	frame-shift
PRKAA1	chr5	-	40764616	TTC33	chr5	-	40747121	E/E	INTRACHR-SS-0GAP	frame-shift
PRKAA1	chr5	-	40764616	TTC33	chr5	-	40747121	E/E	INTRACHR-SS-0GAP	frame-shift
PRKAA1	chr5	-	40764616	TTC33	chr5	-	40747121	E/E	INTRACHR-SS-0GAP	frame-shift
PRKAA1	chr5	-	40764616	TTC33	chr5	-	40747121	E/E	INTRACHR-SS-0GAP	frame-shift
PRKAA1	chr5	-	40764616	TTC33	chr5	-	40747121	E/E	INTRACHR-SS-0GAP	frame-shift
PRKAA1	chr5	-	40764616	TTC33	chr5	-	40747121	E/E	INTRACHR-SS-0GAP	frame-shift
PRKAA1	chr5	-	40764616	TTC33	chr5	-	40747121	E/E	INTRACHR-SS-0GAP	frame-shift
PRKAA1	chr5	-	40764616	TTC33	chr5	-	40747121	E/E	INTRACHR-SS-0GAP	frame-shift
PRKAA1	chr5	-	40764616	TTC33	chr5	-	40747121	E/E	INTRACHR-SS-0GAP	frame-shift
PRKAA1	chr5	-	40764616	TTC33	chr5	-	40747121	E/E	INTRACHR-SS-0GAP	frame-shift
SCNN1A	chr12	-	6457893	TNFRSF1A	chr12	-	6443410	E/E	INTRACHR-SS-0GAP	in-frame
SCNN1A	chr12	-	6457893	TNFRSF1A	chr12	-	6443410	E/E	INTRACHR-SS-0GAP	in-frame
SCNN1A	chr12	-	6457893	TNFRSF1A	chr12	-	6443410	E/E	INTRACHR-SS-0GAP	in-frame
SCNN1A	chr12	-	6457893	TNFRSF1A	chr12	-	6443410	E/E	INTRACHR-SS-0GAP	in-frame
SCNN1A	chr12	-	6457893	TNFRSF1A	chr12	-	6443410	E/E	INTRACHR-SS-0GAP	in-frame
SCNN1A	chr12	-	6457893	TNFRSF1A	chr12	-	6443410	E/E	INTRACHR-SS-0GAP	in-frame
SCNN1A	chr12	-	6457893	TNFRSF1A	chr12	-	6443410	E/E	INTRACHR-SS-0GAP	in-frame
SCNN1A	chr12	-	6457893	TNFRSF1A	chr12	-	6443410	E/E	INTRACHR-SS-0GAP	in-frame
SCNN1A	chr12	-	6457893	TNFRSF1A	chr12	-	6443410	E/E	INTRACHR-SS-0GAP	in-frame
SEPT7P2	chr7	-	45808259	PSPH	chr7	-	56088924	E/E	INTRACHR-OTHER	NA
SEPT7P2	chr7	-	45808259	PSPH	chr7	-	56088924	E/E	INTRACHR-OTHER	NA
SEPT7P2	chr7	-	45808259	PSPH	chr7	-	56088924	E/E	INTRACHR-OTHER	NA
SEPT7P2	chr7	-	45808259	PSPH	chr7	-	56088924	E/E	INTRACHR-OTHER	NA
SEPT7P2	chr7	-	45808259	PSPH	chr7	-	56088924	E/E	INTRACHR-OTHER	NA
SEPT7P2	chr7	-	45808259	PSPH	chr7	-	56088924	E/E	INTRACHR-OTHER	NA
SEPT7P2	chr7	-	45808259	PSPH	chr7	-	56088924	E/E	INTRACHR-OTHER	NA
SEPT7P2	chr7	-	45808259	PSPH	chr7	-	56088924	E/E	INTRACHR-OTHER	NA
SEPT7P2	chr7	-	45808259	PSPH	chr7	-	56088924	E/E	INTRACHR-OTHER	NA
SEPT7P2	chr7	-	45808259	PSPH	chr7	-	56088924	E/E	INTRACHR-OTHER	NA
SEPT7P2	chr7	-	45808259	PSPH	chr7	-	56088924	E/E	INTRACHR-OTHER	NA
SIDT2	chr11	+	117066631	TAGLN	chr11	+	117073718	E/E	INTRACHR-SS-0GAP	in-frame
SIDT2	chr11	+	117066631	TAGLN	chr11	+	117073718	E/E	INTRACHR-SS-0GAP	in-frame
SIDT2	chr11	+	117066631	TAGLN	chr11	+	117073718	E/E	INTRACHR-SS-0GAP	in-frame
SIDT2	chr11	+	117066631	TAGLN	chr11	+	117073718	E/E	INTRACHR-SS-0GAP	in-frame
SIDT2	chr11	+	117066631	TAGLN	chr11	+	117073718	E/E	INTRACHR-SS-0GAP	in-frame
SIDT2	chr11	+	117066631	TAGLN	chr11	+	117073718	E/E	INTRACHR-SS-0GAP	in-frame
SIDT2	chr11	+	117066631	TAGLN	chr11	+	117073718	E/E	INTRACHR-SS-0GAP	in-frame
SIDT2	chr11	+	117066631	TAGLN	chr11	+	117073718	E/E	INTRACHR-SS-0GAP	in-frame
SIDT2	chr11	+	117066631	TAGLN	chr11	+	117073718	E/E	INTRACHR-SS-0GAP	in-frame
SIDT2	chr11	+	117066631	TAGLN	chr11	+	117073718	E/E	INTRACHR-SS-0GAP	in-frame
SIDT2	chr11	+	117066631	TAGLN	chr11	+	117073718	E/E	INTRACHR-SS-0GAP	in-frame
SIDT2	chr11	+	117066631	TAGLN	chr11	+	117073718	E/E	INTRACHR-SS-0GAP	in-frame
SIDT2	chr11	+	117066631	TAGLN	chr11	+	117073718	E/E	INTRACHR-SS-0GAP	in-frame
SIDT2	chr11	+	117066631	TAGLN	chr11	+	117073718	E/E	INTRACHR-SS-0GAP	in-frame
SIDT2	chr11	+	117066631	TAGLN	chr11	+	117073718	E/E	INTRACHR-SS-0GAP	in-frame
SIDT2	chr11	+	117066631	TAGLN	chr11	+	117073718	E/E	INTRACHR-SS-0GAP	in-frame
SIDT2	chr11	+	117066631	TAGLN	chr11	+	117073718	E/E	INTRACHR-SS-0GAP	in-frame
SIDT2	chr11	+	117066631	TAGLN	chr11	+	117073718	E/E	INTRACHR-SS-0GAP	in-frame
SIDT2	chr11	+	117066631	TAGLN	chr11	+	117073718	E/E	INTRACHR-SS-0GAP	in-frame
SIDT2	chr11	+	117066631	TAGLN	chr11	+	117073718	E/E	INTRACHR-SS-0GAP	in-frame
SIDT2	chr11	+	117066631	TAGLN	chr11	+	117073718	E/E	INTRACHR-SS-0GAP	in-frame
SIDT2	chr11	+	117066631	TAGLN	chr11	+	117073718	E/E	INTRACHR-SS-0GAP	in-frame
SIDT2	chr11	+	117066631	TAGLN	chr11	+	117073718	E/E	INTRACHR-SS-0GAP	in-frame
SIDT2	chr11	+	117066631	TAGLN	chr11	+	117073718	E/E	INTRACHR-SS-0GAP	in-frame
SIDT2	chr11	+	117066631	TAGLN	chr11	+	117073718	E/E	INTRACHR-SS-0GAP	in-frame
SIDT2	chr11	+	117066631	TAGLN	chr11	+	117073718	E/E	INTRACHR-SS-0GAP	in-frame
SIDT2	chr11	+	117066631	TAGLN	chr11	+	117073718	E/E	INTRACHR-SS-0GAP	in-frame
SLC29A1	chr6	+	44200165	HSP90AB1	chr6	+	44216367	E/E	INTRACHR-SS-0GAP	in-frame
SLC29A1	chr6	+	44200165	HSP90AB1	chr6	+	44216367	E/M	INTRACHR-SS-0GAP	in-frame
SLC29A1	chr6	+	44200165	HSP90AB1	chr6	+	44216367	E/M	INTRACHR-SS-0GAP	in-frame
SLC29A1	chr6	+	44200165	HSP90AB1	chr6	+	44216367	E/E	INTRACHR-SS-0GAP	in-frame
SLC29A1	chr6	+	44200165	HSP90AB1	chr6	+	44216367	E/M	INTRACHR-SS-0GAP	in-frame
SLC29A1	chr6	+	44200165	HSP90AB1	chr6	+	44216367	E/E	INTRACHR-SS-0GAP	in-frame
SLC29A1	chr6	+	44200165	HSP90AB1	chr6	+	44216367	E/M	INTRACHR-SS-0GAP	in-frame
SLC29A1	chr6	+	44200165	HSP90AB1	chr6	+	44216367	E/E	INTRACHR-SS-0GAP	in-frame
SLC29A1	chr6	+	44200165	HSP90AB1	chr6	+	44216367	E/E	INTRACHR-SS-0GAP	in-frame
SLC29A1	chr6	+	44200165	HSP90AB1	chr6	+	44216367	E/M	INTRACHR-SS-0GAP	in-frame
SLC29A1	chr6	+	44200165	HSP90AB1	chr6	+	44216367	E/E	INTRACHR-SS-0GAP	in-frame
SLC29A1	chr6	+	44200165	HSP90AB1	chr6	+	44216367	E/M	INTRACHR-SS-0GAP	in-frame
SLC29A1	chr6	+	44200165	HSP90AB1	chr6	+	44216367	E/E	INTRACHR-SS-0GAP	in-frame
SLC29A1	chr6	+	44200165	HSP90AB1	chr6	+	44216367	E/E	INTRACHR-SS-0GAP	in-frame
SLC29A1	chr6	+	44200165	HSP90AB1	chr6	+	44216367	E/E	INTRACHR-SS-0GAP	in-frame
SLC29A1	chr6	+	44200165	HSP90AB1	chr6	+	44216367	E/E	INTRACHR-SS-0GAP	in-frame
SLC29A1	chr6	+	44200165	HSP90AB1	chr6	+	44216367	E/E	INTRACHR-SS-0GAP	in-frame
SLC29A1	chr6	+	44200165	HSP90AB1	chr6	+	44216367	E/E	INTRACHR-SS-0GAP	in-frame
SLC35A3	chr1	+	100480976	HIAT1	chr1	+	100515465	E/E	INTRACHR-OTHER	in-frame
SLC35A3	chr1	+	100480976	HIAT1	chr1	+	100515465	E/E	INTRACHR-OTHER	in-frame
SLC35A3	chr1	+	100480976	HIAT1	chr1	+	100515465	E/E	INTRACHR-OTHER	in-frame
SLC35A3	chr1	+	100480976	HIAT1	chr1	+	100515465	E/E	INTRACHR-OTHER	in-frame
SLC35A3	chr1	+	100480976	HIAT1	chr1	+	100515465	E/E	INTRACHR-OTHER	in-frame
SLC35A3	chr1	+	100483371	HIAT1	chr1	+	100515465	E/E	INTRACHR-OTHER	frame-shift
SLC35A3	chr1	+	100483371	HIAT1	chr1	+	100515465	E/E	INTRACHR-OTHER	frame-shift
SLC35A3	chr1	+	100483371	HIAT1	chr1	+	100515465	E/E	INTRACHR-OTHER	frame-shift
SLC35A3	chr1	+	100483371	HIAT1	chr1	+	100515465	E/E	INTRACHR-OTHER	frame-shift
SLC35A3	chr1	+	100483371	HIAT1	chr1	+	100515465	E/E	INTRACHR-OTHER	frame-shift
SLC35A3	chr1	+	100483371	HIAT1	chr1	+	100515465	E/E	INTRACHR-OTHER	frame-shift
SLC35A3	chr1	+	100483371	HIAT1	chr1	+	100515465	E/E	INTRACHR-OTHER	frame-shift
SLC35A3	chr1	+	100483371	HIAT1	chr1	+	100515465	E/E	INTRACHR-OTHER	frame-shift
SLC35A3	chr1	+	100483371	HIAT1	chr1	+	100515465	E/E	INTRACHR-OTHER	frame-shift
SLC39A1	chr1	-	153933048	CRTC2	chr1	-	153927642	M/E	INTRACHR-SS-0GAP	NA
SLC39A1	chr1	-	153933048	CRTC2	chr1	-	153927642	M/E	INTRACHR-SS-0GAP	in-frame
SLC39A1	chr1	-	153933048	CRTC2	chr1	-	153927642	M/E	INTRACHR-SS-0GAP	in-frame
SLC39A1	chr1	-	153933048	CRTC2	chr1	-	153927642	M/E	INTRACHR-SS-0GAP	in-frame
SLC39A1	chr1	-	153933048	CRTC2	chr1	-	153927642	M/E	INTRACHR-SS-0GAP	in-frame
SLC39A1	chr1	-	153934696	CRTC2	chr1	-	153927642	E/E	INTRACHR-SS-0GAP	in-frame
SLC39A1	chr1	-	153934696	CRTC2	chr1	-	153927642	E/E	INTRACHR-SS-0GAP	in-frame
SLC39A1	chr1	-	153934696	CRTC2	chr1	-	153927642	E/E	INTRACHR-SS-0GAP	in-frame
SLC39A1	chr1	-	153934696	CRTC2	chr1	-	153927642	E/E	INTRACHR-SS-0GAP	in-frame
SLC39A1	chr1	-	153934696	CRTC2	chr1	-	153927642	E/E	INTRACHR-SS-0GAP	in-frame
SLC39A1	chr1	-	153934696	CRTC2	chr1	-	153927642	E/E	INTRACHR-SS-0GAP	in-frame
SLC39A1	chr1	-	153934696	CRTC2	chr1	-	153927642	E/E	INTRACHR-SS-0GAP	in-frame
SMG5	chr1	-	156219360	PAQR6	chr1	-	156216547	M/E	INTRACHR-SS-0GAP	NA
SMG5	chr1	-	156219360	PAQR6	chr1	-	156216547	M/E	INTRACHR-SS-0GAP	NA
SMG5	chr1	-	156219360	PAQR6	chr1	-	156216547	M/E	INTRACHR-SS-0GAP	NA
SMG5	chr1	-	156219360	PAQR6	chr1	-	156216547	M/E	INTRACHR-SS-0GAP	NA
SMG5	chr1	-	156219360	PAQR6	chr1	-	156216547	M/E	INTRACHR-SS-0GAP	NA
SMG5	chr1	-	156219360	PAQR6	chr1	-	156216547	M/E	INTRACHR-SS-0GAP	NA
SMG5	chr1	-	156219360	PAQR6	chr1	-	156216547	M/E	INTRACHR-SS-0GAP	NA
SMG5	chr1	-	156219360	PAQR6	chr1	-	156216547	M/E	INTRACHR-SS-0GAP	NA
SMG5	chr1	-	156219360	PAQR6	chr1	-	156216547	M/E	INTRACHR-SS-0GAP	NA
SMG5	chr1	-	156219360	PAQR6	chr1	-	156216547	M/E	INTRACHR-SS-0GAP	NA
SMG5	chr1	-	156219360	PAQR6	chr1	-	156216547	M/E	INTRACHR-SS-0GAP	NA
SMURF2P1	chr17	+	28937960	LRRC37BP1	chr17	+	28958773	E/E	INTRACHR-OTHER	NA
SMURF2P1	chr17	+	28937960	LRRC37BP1	chr17	+	28958773	E/E	INTRACHR-OTHER	NA
SMURF2P1	chr17	+	28937960	LRRC37BP1	chr17	+	28958773	E/E	INTRACHR-OTHER	NA
SMURF2P1	chr17	+	28937960	LRRC37BP1	chr17	+	28958773	E/E	INTRACHR-OTHER	NA
SMURF2P1	chr17	+	28937960	LRRC37BP1	chr17	+	28958773	E/E	INTRACHR-OTHER	NA
SMURF2P1	chr17	+	28937960	LRRC37BP1	chr17	+	28958773	E/E	INTRACHR-OTHER	NA
SMURF2P1	chr17	+	28937960	LRRC37BP1	chr17	+	28958773	E/E	INTRACHR-OTHER	NA
SMURF2P1	chr17	+	28937960	LRRC37BP1	chr17	+	28958773	E/E	INTRACHR-OTHER	NA
TIMM23B	chr10	+	51387762	LINC00843	chr10	+	51732771	M/M	INTRACHR-OTHER	NA
TIMM23B	chr10	+	51387762	LINC00843	chr10	+	51732771	M/M	INTRACHR-OTHER	NA
TIMM23B	chr10	+	51387762	LINC00843	chr10	+	51732771	M/M	INTRACHR-OTHER	NA
TIMM23B	chr10	+	51387762	LINC00843	chr10	+	51732771	M/M	INTRACHR-OTHER	NA
TIMM23B	chr10	+	51387762	LINC00843	chr10	+	51732771	M/M	INTRACHR-OTHER	NA
TIMM23B	chr10	+	51387762	LINC00843	chr10	+	51732771	M/M	INTRACHR-OTHER	NA
TIMM23B	chr10	+	51387762	LINC00843	chr10	+	51732771	M/M	INTRACHR-OTHER	NA
TIMM23B	chr10	+	51387763	LINC00843	chr10	+	51732772	E/M	INTRACHR-OTHER	NA
TIMM23B	chr10	+	51387763	LINC00843	chr10	+	51732772	E/M	INTRACHR-OTHER	NA
TIMM23B	chr10	+	51387763	LINC00843	chr10	+	51732772	E/M	INTRACHR-OTHER	NA
TIMM23B	chr10	+	51387763	LINC00843	chr10	+	51732772	E/M	INTRACHR-OTHER	NA
TIMM23B	chr10	+	51387763	LINC00843	chr10	+	51732772	E/M	INTRACHR-OTHER	NA
TIMM23B	chr10	+	51387763	LINC00843	chr10	+	51732772	E/M	INTRACHR-OTHER	NA
TIMM23B	chr10	+	51387763	LINC00843	chr10	+	51732772	E/M	INTRACHR-OTHER	NA
TIMM23B	chr10	+	51387763	LINC00843	chr10	+	51732772	E/M	INTRACHR-OTHER	NA
TIMM23B	chr10	+	51387763	LINC00843	chr10	+	51732772	E/M	INTRACHR-OTHER	NA
TIMM23B	chr10	+	51387763	LINC00843	chr10	+	51732772	E/M	INTRACHR-OTHER	NA
TIMM23B	chr10	+	51387763	LINC00843	chr10	+	51732772	E/M	INTRACHR-OTHER	NA
TIMM23B	chr10	+	51387763	LINC00843	chr10	+	51732772	E/M	INTRACHR-OTHER	NA
TIMM23B	chr10	+	51387763	LINC00843	chr10	+	51732772	E/M	INTRACHR-OTHER	NA
TIMM23B	chr10	+	51387763	LINC00843	chr10	+	51732772	E/M	INTRACHR-OTHER	NA
TIMM23B	chr10	+	51387763	LINC00843	chr10	+	51732772	E/M	INTRACHR-OTHER	NA
TIMM23B	chr10	+	51387763	LINC00843	chr10	+	51732772	E/M	INTRACHR-OTHER	NA
TIMM23B	chr10	+	51387763	LINC00843	chr10	+	51732772	E/M	INTRACHR-OTHER	NA
TIMM23B	chr10	+	51387763	LINC00843	chr10	+	51732772	E/M	INTRACHR-OTHER	NA
TIMM23B	chr10	+	51387763	LINC00843	chr10	+	51732772	E/M	INTRACHR-OTHER	NA
TIMM23B	chr10	+	51387763	LINC00843	chr10	+	51732772	E/M	INTRACHR-OTHER	NA
TIMM23B	chr10	+	51387763	LINC00843	chr10	+	51732772	E/M	INTRACHR-OTHER	NA
TIMM23B	chr10	+	51387763	LINC00843	chr10	+	51732772	E/M	INTRACHR-OTHER	NA
TIMM23B	chr10	+	51387763	LINC00843	chr10	+	51732772	E/M	INTRACHR-OTHER	NA
TIMM23B	chr10	+	51387763	LINC00843	chr10	+	51732772	E/M	INTRACHR-OTHER	NA
TIMM23B	chr10	+	51387763	LINC00843	chr10	+	51732772	E/M	INTRACHR-OTHER	NA
TIMM23B	chr10	+	51387763	LINC00843	chr10	+	51732772	E/M	INTRACHR-OTHER	NA
TIMM23B	chr10	+	51387763	LINC00843	chr10	+	51732772	E/M	INTRACHR-OTHER	NA
TIMM23B	chr10	+	51387763	LINC00843	chr10	+	51732772	E/M	INTRACHR-OTHER	NA
TIMM23B	chr10	+	51387763	LINC00843	chr10	+	51732772	E/M	INTRACHR-OTHER	NA
TIMM23B	chr10	+	51387763	LINC00843	chr10	+	51732772	E/M	INTRACHR-OTHER	NA
TIMM23B	chr10	+	51387763	LINC00843	chr10	+	51732772	E/M	INTRACHR-OTHER	NA
TIMM23B	chr10	+	51387763	LINC00843	chr10	+	51732772	E/M	INTRACHR-OTHER	NA
TIMM23B	chr10	+	51387763	LINC00843	chr10	+	51732772	E/M	INTRACHR-OTHER	NA
TIMM23B	chr10	+	51387763	LINC00843	chr10	+	51732772	E/M	INTRACHR-OTHER	NA
TIMM23B	chr10	+	51387763	LINC00843	chr10	+	51732772	E/M	INTRACHR-OTHER	NA
TIMM23B	chr10	+	51387763	LINC00843	chr10	+	51732772	E/M	INTRACHR-OTHER	NA
TIMM23B	chr10	+	51387763	LINC00843	chr10	+	51732772	E/M	INTRACHR-OTHER	NA
TIMM23B	chr10	+	51387763	LINC00843	chr10	+	51732772	E/M	INTRACHR-OTHER	NA
TIMM23B	chr10	+	51387763	LINC00843	chr10	+	51732772	E/M	INTRACHR-OTHER	NA
TIMM23B	chr10	+	51387763	LINC00843	chr10	+	51732772	E/M	INTRACHR-OTHER	NA
TIMM23B	chr10	+	51387763	LINC00843	chr10	+	51732772	E/M	INTRACHR-OTHER	NA
TIMM23B	chr10	+	51387763	LINC00843	chr10	+	51732772	E/M	INTRACHR-OTHER	NA
TIMM23B	chr10	+	51387763	LINC00843	chr10	+	51732772	E/M	INTRACHR-OTHER	NA
TIMM23B	chr10	+	51387763	LINC00843	chr10	+	51732772	E/M	INTRACHR-OTHER	NA
TIMM23B	chr10	+	51387763	LINC00843	chr10	+	51732772	E/M	INTRACHR-OTHER	NA
TIMM23B	chr10	+	51387763	LINC00843	chr10	+	51732772	E/M	INTRACHR-OTHER	NA
TIMM23B	chr10	+	51387763	LINC00843	chr10	+	51732772	E/M	INTRACHR-OTHER	NA
TIMM23B	chr10	+	51387763	LINC00843	chr10	+	51732772	E/M	INTRACHR-OTHER	NA
TIMM23B	chr10	+	51387763	LINC00843	chr10	+	51732772	E/M	INTRACHR-OTHER	NA
TIMM23B	chr10	+	51387763	LINC00843	chr10	+	51732772	E/M	INTRACHR-OTHER	NA
TIMM23B	chr10	+	51387763	LINC00843	chr10	+	51732772	E/M	INTRACHR-OTHER	NA
UBA2	chr19	+	34957919	WTIP	chr19	+	34981281	E/E	INTRACHR-SS-0GAP	in-frame
UBA2	chr19	+	34957919	WTIP	chr19	+	34981281	E/E	INTRACHR-SS-0GAP	in-frame
UBA2	chr19	+	34957919	WTIP	chr19	+	34981281	E/E	INTRACHR-SS-0GAP	in-frame
UBA2	chr19	+	34957919	WTIP	chr19	+	34981281	E/E	INTRACHR-SS-0GAP	in-frame
UBA2	chr19	+	34957919	WTIP	chr19	+	34981281	E/E	INTRACHR-SS-0GAP	in-frame
UBA2	chr19	+	34957919	WTIP	chr19	+	34981281	E/E	INTRACHR-SS-0GAP	in-frame
UBA2	chr19	+	34957919	WTIP	chr19	+	34981281	E/E	INTRACHR-SS-0GAP	in-frame
VAMP1	chr12	-	6574056	CD27-AS1	chr12	-	6557903	E/E	INTRACHR-SS-0GAP	NA
VAMP1	chr12	-	6574056	CD27-AS1	chr12	-	6557903	E/E	INTRACHR-SS-0GAP	NA
VAMP1	chr12	-	6574056	CD27-AS1	chr12	-	6557923	E/E	INTRACHR-SS-0GAP	NA
VAMP1	chr12	-	6574056	CD27-AS1	chr12	-	6557923	E/E	INTRACHR-SS-0GAP	NA
VAMP1	chr12	-	6574056	CD27-AS1	chr12	-	6557923	M/E	INTRACHR-SS-0GAP	NA
VAMP1	chr12	-	6574056	CD27-AS1	chr12	-	6557923	E/E	INTRACHR-SS-0GAP	NA
VAMP1	chr12	-	6574056	CD27-AS1	chr12	-	6557923	E/E	INTRACHR-SS-0GAP	NA
VAMP1	chr12	-	6574056	CD27-AS1	chr12	-	6557923	E/E	INTRACHR-SS-0GAP	NA
VAMP1	chr12	-	6574056	CD27-AS1	chr12	-	6557923	E/E	INTRACHR-SS-0GAP	NA
VAMP1	chr12	-	6574056	CD27-AS1	chr12	-	6557923	E/E	INTRACHR-SS-0GAP	NA
VAMP1	chr12	-	6574056	CD27-AS1	chr12	-	6557923	E/E	INTRACHR-SS-0GAP	NA
VPS45	chr1	+	150082742	PLEKHO1	chr1	+	150123102	E/E	INTRACHR-SS-0GAP	frame-shift
VPS45	chr1	+	150082742	PLEKHO1	chr1	+	150123102	E/E	INTRACHR-SS-0GAP	frame-shift
VPS45	chr1	+	150082742	PLEKHO1	chr1	+	150123102	E/E	INTRACHR-SS-0GAP	frame-shift
VPS45	chr1	+	150082742	PLEKHO1	chr1	+	150123102	E/E	INTRACHR-SS-0GAP	frame-shift
VPS45	chr1	+	150082742	PLEKHO1	chr1	+	150123102	E/E	INTRACHR-SS-0GAP	frame-shift
WRB	chr21	+	40763762	SH3BGR	chr21	+	40834301	E/E	INTRACHR-SS-0GAP	in-frame
WRB	chr21	+	40763762	SH3BGR	chr21	+	40834301	E/E	INTRACHR-SS-0GAP	in-frame
WRB	chr21	+	40763762	SH3BGR	chr21	+	40834301	E/E	INTRACHR-SS-0GAP	in-frame
WRB	chr21	+	40763762	SH3BGR	chr21	+	40834301	E/E	INTRACHR-SS-0GAP	in-frame
WRB	chr21	+	40763762	SH3BGR	chr21	+	40834301	E/E	INTRACHR-SS-0GAP	in-frame