Gene_1_symbol(5end_fusion_partner)	Gene_2_symbol(3end_fusion_partner)	Fusion_description	Counts_of_common_mapping_reads	Spanning_pairs	Spanning_unique_reads	Longest_anchor_found	Fusion_finding_method	Fusion_point_for_gene_1(5end_fusion_partner)	Fusion_point_for_gene_2(3end_fusion_partner)	Gene_1_id(5end_fusion_partner)	Gene_2_id(3end_fusion_partner)	Exon_1_id(5end_fusion_partner)	Exon_2_id(3end_fusion_partner)	Fusion_sequence	Predicted_effect
PKD1	NPIPB2	exon-exon	0	64	17	24	BOWTIE	16:2097728:-	16:11937668:-	ENSG00000008710	ENSG00000234719	ENSE00003786909	ENSE00003495807	AGATGAAGAGTGACTTGTTTCTGGATGATTCTAAGAG*GTTATCAATACTCTGGCTGACCATCATCATCGTGGGA	out-of-frame
PKD1	NPIPB2	exon-exon	0	64	9	24	BOWTIE	16:2097868:-	16:11937668:-	ENSG00000008710	ENSG00000234719	ENSE00003668317	ENSE00003495807	CAGCTCCTTCCTCACGTTCTCAGGCCTCCACGCTGAG*GTTATCAATACTCTGGCTGACCATCATCATCGTGGGA	in-frame
PKD1	NPIPB2	exon-exon	0	64	7	17	BOWTIE	16:2097728:-	16:11942114:-	ENSG00000008710	ENSG00000234719	ENSE00003786909	ENSE00002294559	AGATGAAGAGTGACTTGTTTCTGGATGATTCTAAGAG*GTTGATGGACAGATGGCTACATGGATGTGATGGAGAT	CDS(complete)/UTR
PKD1	NPIPB12	exon-exon	0	49	17	24	BOWTIE	16:2097728:-	16:29495607:-	ENSG00000008710	ENSG00000169203	ENSE00003786909	ENSE00003535122	AGATGAAGAGTGACTTGTTTCTGGATGATTCTAAGAG*GTTATCAATACTCTGGCTGACCATCATCATCGTGGGA	out-of-frame
PKD1	NPIPB12	exon-exon	0	49	9	24	BOWTIE	16:2097868:-	16:29495607:-	ENSG00000008710	ENSG00000169203	ENSE00003668317	ENSE00003535122	CAGCTCCTTCCTCACGTTCTCAGGCCTCCACGCTGAG*GTTATCAATACTCTGGCTGACCATCATCATCGTGGGA	in-frame
PKD1	NPIPB3	exon-exon	0	49	17	24	BOWTIE	16:2097728:-	16:21415085:-	ENSG00000008710	ENSG00000169246	ENSE00003786909	ENSE00003460386	AGATGAAGAGTGACTTGTTTCTGGATGATTCTAAGAG*GTTATCAATACTCTGGCTGACCATCATCATCGTGGGA	out-of-frame
PKD1	NPIPB3	exon-exon	0	49	9	24	BOWTIE	16:2097868:-	16:21415085:-	ENSG00000008710	ENSG00000169246	ENSE00003668317	ENSE00003460386	CAGCTCCTTCCTCACGTTCTCAGGCCTCCACGCTGAG*GTTATCAATACTCTGGCTGACCATCATCATCGTGGGA	in-frame
PKD1	NPIPB4	exon-exon	0	49	17	24	BOWTIE	16:2097728:-	16:21847541:-	ENSG00000008710	ENSG00000185864	ENSE00003786909	ENSE00003586296	AGATGAAGAGTGACTTGTTTCTGGATGATTCTAAGAG*GTTATCAATACTCTGGCTGACCATCATCATCGTGGGA	out-of-frame
PKD1	NPIPB4	exon-exon	0	49	9	24	BOWTIE	16:2097868:-	16:21847541:-	ENSG00000008710	ENSG00000185864	ENSE00003668317	ENSE00003586296	CAGCTCCTTCCTCACGTTCTCAGGCCTCCACGCTGAG*GTTATCAATACTCTGGCTGACCATCATCATCGTGGGA	in-frame
PKD1	NPIPB5	exon-exon	0	49	17	24	BOWTIE	16:2097728:-	16:22523820:+	ENSG00000008710	ENSG00000243716	ENSE00003786909	ENSE00003563471	AGATGAAGAGTGACTTGTTTCTGGATGATTCTAAGAG*GTTATCAATACTCTGGCTGACCATCATCATCGTGGGA	out-of-frame
PKD1	NPIPB5	exon-exon	0	49	9	24	BOWTIE	16:2097868:-	16:22523820:+	ENSG00000008710	ENSG00000243716	ENSE00003668317	ENSE00003563471	CAGCTCCTTCCTCACGTTCTCAGGCCTCCACGCTGAG*GTTATCAATACTCTGGCTGACCATCATCATCGTGGGA	in-frame
NHSL2	TPT1	t1,reciprocal	0	48	4	25	BOWTIE+STAR	X:72160500:+	13:45337232:-	ENSG00000204131	ENSG00000133112			TCTTGAGTTCTTCATTATTTTGACTGATTTATTTGGAGTGGAGGCATTGT*TTTTTAAGAAAAACATGTCATGTAGGTTGTCTAAAAATAAAATGCATTTA	UTR/UTR
NHSL2	TPT1	t1,reciprocal	0	48	2	23	BOWTIE+BLAT	X:72160142:+	13:45339595:-	ENSG00000204131	ENSG00000133112			CACAAAAGAAGCCTACAATAAGTGCATCAAAGATTACATGAAATCAATCA*GGGAAACTTGAAGAACAGAGACCAGAAAGAGTAAAACCTTTTATGACAG	UTR/CDS(truncated)
PKD1	NPIPB13	exon-exon	0	48	17	24	BOWTIE	16:2097728:-	16:30235579:-	ENSG00000008710	ENSG00000198064	ENSE00003786909	ENSE00003654619	AGATGAAGAGTGACTTGTTTCTGGATGATTCTAAGAG*GTTATCAATACTCTGGCTGACCATCATCATCGTGGGA	out-of-frame
PKD1	NPIPB13	exon-exon	0	48	9	24	BOWTIE	16:2097868:-	16:30235579:-	ENSG00000008710	ENSG00000198064	ENSE00003668317	ENSE00003654619	CAGCTCCTTCCTCACGTTCTCAGGCCTCCACGCTGAG*GTTATCAATACTCTGGCTGACCATCATCATCGTGGGA	in-frame
TPT1	NHSL2	t1,reciprocal	0	48	3	25	BOWTIE+BLAT	13:45340046:-	X:72159970:+	ENSG00000133112	ENSG00000204131			CACAGTAATCACTGGTGTCGATATTGTCATGAACCATCACCTGCAGGAAA*CATTTTTGACTCGCTCATTGGTGGAAATGCCTCCGCTGAAGGCCCTGAGG	CDS(truncated)/UTR
TPT1	NHSL2	t1,reciprocal	0	48	2	22	BOWTIE+BLAT	13:45340074:-	X:72159986:+	ENSG00000133112	ENSG00000204131			AAGGCCCCGAGGGCGAAGGTACCGAAAGCACAGTAATCACTGGTGTCGAT*ATTGGTGGAAATGCCTCCGCTGAAGGCCCTGAGGGCAAAGGTACCGAAAG	CDS(truncated)/UTR
TPT1	NHSL2	t1,reciprocal	0	48	2	21	BOWTIE+BLAT	13:45340092:-	X:72159954:+	ENSG00000133112	ENSG00000204131			GGAAATGCCTCCGCTGAAGGCCCCGAGGGCGAAGGTACCGAAAGCACA*GTAGGACAGAAGGTAACATTTTTGACTCGCTCATTGGTGGAAATGCCT	CDS(truncated)/UTR
NPIPB5	SMG1	banned,known,bodymap2,hpa,tcga3,t1,exon-exon,reciprocal	0	34	2	23	BOWTIE	16:22506235:+	16:18879719:-	ENSG00000243716	ENSG00000157106	ENSE00002280067	ENSE00001635363	TCTCCTGCCTCAGCCTCCCGAGTAGCTGGGATTACAG*GTTCTGTACAGAGTAATGAGATGTGTGACGGCTGCAA	UTR/CDS(truncated)
SMG1	NPIPB5	banned,known,bodymap2,hpa,tcga3,t1,reciprocal	0	34	5	24	BOWTIE+BLAT;BOWTIE+STAR	16:18858211:-	16:22513522:+	ENSG00000157106	ENSG00000243716			TTACGTTCATGTAAACAGCATGACGTGAGGCCATGGATGCAGGCATTAAG*GTATGATCTCGTGAAATCTTGAGAGAAACTGAATGACGAATGAAACTATT	CDS(truncated)/UTR
SMG1	NPIPB5	banned,known,bodymap2,hpa,tcga3,t1,exon-exon,reciprocal	0	34	4	22	BOWTIE	16:18858170:-	16:22513522:+	ENSG00000157106	ENSG00000243716	ENSE00001505919	ENSE00002138288	ACTATGTACCAGAATCAGTTGTTGGAGAAAATTAAAG*GTATGATCTCGTGAAATCTTGAGAGAAACTGAATGAC	CDS(truncated)/UTR
LINC01347	LINC01002	pseudogene,lncrna,exon-exon	9	31	2	25	BOWTIE	1:243101386:-	19:238067:-	ENSG00000214837	ENSG00000282508	ENSE00001792978	ENSE00003780603	ATGATCCCACCACAGCATTCCAGCCTGCGAGATTGAG*GCCCTCACAATCCAGTGGAGGAGACGCAACTCATCTG	exonic(no-known-CDS)/exonic(no-known-CDS)
PKD1	NPIPB9	exon-exon	0	31	8	21	BOWTIE	16:2097728:-	16:28762251:+	ENSG00000008710	ENSG00000196993	ENSE00003786909	ENSE00003628600	AGATGAAGAGTGACTTGTTTCTGGATGATTCTAAGAG*GTTATCAATAGTCTGGCTGTCTATCGTCATCGTGAGA	out-of-frame
PKD1	NPIPB9	exon-exon	0	31	2	16	BOWTIE	16:2097868:-	16:28762251:+	ENSG00000008710	ENSG00000196993	ENSE00003668317	ENSE00003628600	CAGCTCCTTCCTCACGTTCTCAGGCCTCCACGCTGAG*GTTATCAATAGTCTGGCTGTCTATCGTCATCGTGAGA	in-frame
PKD1	NPIPB7	exon-exon	0	30	8	21	BOWTIE	16:2097728:-	16:28466902:-	ENSG00000008710	ENSG00000233232	ENSE00003786909	ENSE00001698437	AGATGAAGAGTGACTTGTTTCTGGATGATTCTAAGAG*GTTATCAATAGTCTGGCTGTCTATCGTCATCGTGAGA	out-of-frame
PKD1	NPIPB7	exon-exon	0	30	2	16	BOWTIE	16:2097868:-	16:28466902:-	ENSG00000008710	ENSG00000233232	ENSE00003668317	ENSE00001698437	CAGCTCCTTCCTCACGTTCTCAGGCCTCCACGCTGAG*GTTATCAATAGTCTGGCTGTCTATCGTCATCGTGAGA	in-frame
SIDT2	TAGLN	banned,known,adjacent,conjoing,healthy,cacg,bodymap2,hpa,chimer4seq,cancer,mitelman,t3,1K<gap<10K,readthrough,exon-exon	0	30	11	25	BOWTIE	11:117195915:+	11:117203002:+	ENSG00000149577	ENSG00000149591	ENSE00001678826	ENSE00000991541	CTTCCTCTCCTCCATCGCCATGTTCGGGTCCTTCCTG*CTTTCCCCAGACATGGCCAACAAGGGTCCTTCCTATG	CDS(truncated)/UTR
SMG1	NPIPB13	t2,exon-exon	0	25	4	22	BOWTIE	16:18858170:-	16:30245853:-	ENSG00000157106	ENSG00000198064	ENSE00001505919	ENSE00003645530	ACTATGTACCAGAATCAGTTGTTGGAGAAAATTAAAG*GTATGATCTCGTGAAACCTTGAGAGAAACTGAATGAC	CDS(truncated)/UTR
CTBS	GNG5	banned,known,adjacent,conjoing,healthy,cacg,bodymap2,non_tumor_cells,hpa,1000genomes,mitelman,ccle3,t3,10K<gap<100K,readthrough,exon-exon	0	24	4	25	BOWTIE	1:84563257:-	1:84501970:-	ENSG00000117151	ENSG00000174021	ENSE00003547480	ENSE00003459775	GGATAAAGATCAGCGGGCTCCTTATTATAACTATAAA*GTTTCCCAGGCAGCTGCAGACTTGAAACAGTTCTGTC	in-frame
AC127502.1	WHAMM	pseudogene,t1,exon-exon	0	19	2	20	BOWTIE	15:30484686:+	15:82826410:+	ENSG00000215302	ENSG00000156232	ENSE00002580876	ENSE00001753680	AGTCTGTGTCAAAAGAGCTTCTCTCCAGAGTAGAAAG*GATCAGTGCAAAGAAAATCATCGGTTCAGATTGCAAC	exonic(no-known-CDS)/CDS(truncated)
CU633904.1	CU638689.4	lncrna,exon-exon	0	19	2	21	BOWTIE	21:7462991:+	21:6632437:-	ENSG00000276077	ENSG00000280145	ENSE00003752093	ENSE00003760016	TGGGAGACATGCTACACTCATTCTGCTGAGGAAATAG*GGCAAGAAAGCTTTCTAAGACCCCGAACTCCAGATAT	exonic(no-known-CDS)/exonic(no-known-CDS)
AL669831.1	LINC01002	pseudogene,lncrna,exon-exon	12	16	2	25	BOWTIE	1:778284:-	19:238067:-	ENSG00000228327	ENSG00000282508	ENSE00001715349	ENSE00003780603	ATGATCCCACCACAGCATTCCAGCCTGCGAGATTGAG*GCCCTCACAATCCAGTGGAGGAGACGCAACTCATCTG	exonic(no-known-CDS)/exonic(no-known-CDS)
AC138035.1	LINC01347	pseudogene,lncrna,exon-exon,reciprocal	9	15	2	19	BOWTIE	5:181315953:+	1:243066241:-	ENSG00000238035	ENSG00000214837	ENSE00003606303	ENSE00001735747	TCTCCTGCCTCAGCCTCCCGAGTAGCTGGGATTACAG*CTGGATCTACCATGAAAGACTTCTGAATCCAGGAAGA	exonic(no-known-CDS)/exonic(no-known-CDS)
AL133216.2	LINC01002	pseudogene,lncrna,exon-exon	12	15	2	25	BOWTIE	10:38403550:+	19:238067:-	ENSG00000276805	ENSG00000282508	ENSE00003788055	ENSE00003780603	ATGATCCCACCACAGCATTCCAGCCTGCGAGATTGAG*GCCCTCACAATCCAGTGGAGGAGACGCAACTCATCTG	exonic(no-known-CDS)/exonic(no-known-CDS)
CU633906.1	CU638689.4	lncrna,exon-exon	0	15	2	21	BOWTIE	21:6234983:-	21:6632437:-	ENSG00000275496	ENSG00000280145	ENSE00003737671	ENSE00003760016	TGGGAGACATGCTACACTCATTCTGCTGAGGAAATAG*GGCAAGAAAGCTTTCTAAGACCCCGAACTCCAGATAT	exonic(no-known-CDS)/exonic(no-known-CDS)
CU634019.1	CU638689.4	lncrna,exon-exon	0	15	2	21	BOWTIE	21:7081213:+	21:6632437:-	ENSG00000277067	ENSG00000280145	ENSE00003751287	ENSE00003760016	TGGGAGACATGCTACACTCATTCTGCTGAGGAAATAG*GGCAAGAAAGCTTTCTAAGACCCCGAACTCCAGATAT	exonic(no-known-CDS)/exonic(no-known-CDS)
LINC01347	AC138035.1	pseudogene,lncrna,exon-exon,reciprocal	9	15	2	19	BOWTIE	1:243067625:-	5:181317331:+	ENSG00000214837	ENSG00000238035	ENSE00003773448	ENSE00003664740	TCTCCTGCCTCAGCCTCCCGAGTAGCTGGGATTACAG*CTGGATCTACCATGAAAGACTTGTGAATCCAGGAAGA	exonic(no-known-CDS)/exonic(no-known-CDS)
AC138035.1	LINC01002	lncrna,exon-exon	9	13	2	19	BOWTIE	5:181315953:+	19:221205:-	ENSG00000238035	ENSG00000282508	ENSE00003606303	ENSE00003778652	TCTCCTGCCTCAGCCTCCCGAGTAGCTGGGATTACAG*CTGGACCTACCATGAAAGACTTCTGAATCCAGGAAGA	exonic(no-known-CDS)/exonic(no-known-CDS)
CU633967.1	CU633906.2	lncrna,exon-exon	0	13	2	21	BOWTIE	21:5585987:+	21:6356688:+	ENSG00000274333	ENSG00000278903	ENSE00003717842	ENSE00003757618	TGGGAGACATGCTACACTCATTCTGCTGAGGAAATAG*GGCAAGAAAGCTTTCTAAGACCCCGAACTCCAGATAT	exonic(no-known-CDS)/exonic(no-known-CDS)
CU633904.1	CU633906.2	lncrna,exon-exon	0	12	2	21	BOWTIE	21:7462991:+	21:6356688:+	ENSG00000276077	ENSG00000278903	ENSE00003752093	ENSE00003757618	TGGGAGACATGCTACACTCATTCTGCTGAGGAAATAG*GGCAAGAAAGCTTTCTAAGACCCCGAACTCCAGATAT	exonic(no-known-CDS)/exonic(no-known-CDS)
SLC29A1	HSP90AB1	banned,known,adjacent,healthy,tcga,bodymap2,hpa,18cancers,chimer4seq,cancer,mitelman,pcawg,t2,10K<gap<100K,readthrough,exon-exon	0	12	8	24	BOWTIE	6:44232428:+	6:44248630:+	ENSG00000112759	ENSG00000096384	ENSE00001140400	ENSE00003758763	CTGGTTGGGCCGGAGCCTCACAGCTGTATTCATGTGG*ATGCCTGAGGAAGTGCACCATGGAGAGGAGGAGGTGG	in-frame
AZGP1	GJC3	banned,known,adjacent,healthy,cacg,bodymap2,hpa,mitelman,t1,10K<gap<100K,readthrough,exon-exon	0	11	6	23	BOWTIE	7:99971746:-	7:99923603:-	ENSG00000160862	ENSG00000176402	ENSE00001055051	ENSE00001231504	CTGAAAGACATCGTGGAGTATTACAACGACAGTAACG*TTCCAGGAAGAAGCTTAGCCCAGGAAAAACAAAGACC	in-frame
CU633906.1	CU633906.2	lncrna,exon-exon	0	11	2	21	BOWTIE	21:6234983:-	21:6356688:+	ENSG00000275496	ENSG00000278903	ENSE00003737671	ENSE00003757618	TGGGAGACATGCTACACTCATTCTGCTGAGGAAATAG*GGCAAGAAAGCTTTCTAAGACCCCGAACTCCAGATAT	exonic(no-known-CDS)/exonic(no-known-CDS)
CU634019.1	CU633906.2	lncrna,exon-exon	0	11	2	21	BOWTIE	21:7081213:+	21:6356688:+	ENSG00000277067	ENSG00000278903	ENSE00003751287	ENSE00003757618	TGGGAGACATGCTACACTCATTCTGCTGAGGAAATAG*GGCAAGAAAGCTTTCTAAGACCCCGAACTCCAGATAT	exonic(no-known-CDS)/exonic(no-known-CDS)
AC138035.1	AC110079.1	pseudogene,lncrna,exon-exon	9	10	2	19	BOWTIE	5:181315953:+	4:118621463:+	ENSG00000238035	ENSG00000260404	ENSE00003606303	ENSE00002598762	TCTCCTGCCTCAGCCTCCCGAGTAGCTGGGATTACAG*CTGGATCTACCATGAAAGACTTCTGAATCCAGGAAGA	exonic(no-known-CDS)/exonic(no-known-CDS)
AC138035.1	AL732372.2	pseudogene,lncrna,exon-exon	9	10	2	19	BOWTIE	5:181315953:+	1:501620:-	ENSG00000238035	ENSG00000237094	ENSE00003606303	ENSE00003186556	TCTCCTGCCTCAGCCTCCCGAGTAGCTGGGATTACAG*CTGGATCTACCATGAAAGACTTGTGAATCCAGGAAGA	exonic(no-known-CDS)/exonic(no-known-CDS)
AC244669.1	LINC00623	pseudogene,lncrna,exon-exon	0	10	2	17	BOWTIE	1:120340756:-	1:120952439:+	ENSG00000223804	ENSG00000226067	ENSE00003724740	ENSE00003725417	CCACCTTTACTTTTACCTATGTTGGCGGCCCCAGAAG*GGCCCGCCTGGCAGGACGACTGAGCAAGTTCTTGGAA	exonic(no-known-CDS)/exonic(no-known-CDS)
AC245297.3	LINC00623	lncrna,exon-exon	0	10	2	17	BOWTIE	1:149177212:+	1:120952439:+	ENSG00000274265	ENSG00000226067	ENSE00003724329	ENSE00003725417	CCACCTTTACTTTTACCTATGTTGGCGGCCCCAGAAG*GGCCCGCCTGGCAGGACGACTGAGCAAGTTCTTGGAA	exonic(no-known-CDS)/exonic(no-known-CDS)
FRG1BP	FRG1JP	pseudogene,exon-exon,reciprocal	0	10	3	17	BOWTIE	20:30388578:+	9:63840205:-	ENSG00000149531	ENSG00000215548	ENSE00003506998	ENSE00001800903	AATGGTCTTTTTACCCTGGGAGCTCCACACAAAGAAG*AATCACCCTGAAACCGGGCTGTGGAAAATATCTTGGT	exonic(no-known-CDS)/exonic(no-known-CDS)
FRG1JP	FRG1BP	pseudogene,exon-exon,reciprocal	0	10	16	23	BOWTIE	9:63842824:-	20:30391197:+	ENSG00000215548	ENSG00000149531	ENSE00001713211	ENSE00000991067	AATGGTCTTTTTACCCTGGGAGCTCCACACAAAGAAG*AATCGCCCTGAAATCTGGCTATGGAAAATATCTTGGT	exonic(no-known-CDS)/exonic(no-known-CDS)
KCNIP2	OGA	known,adjacent,cacg,non_cancer_tissues,18cancers,mitelman,t5,1K<gap<10K,readthrough,exon-exon	0	10	5	25	BOWTIE	10:101827689:-	10:101813606:-	ENSG00000120049	ENSG00000198408	ENSE00003507889	ENSE00000721932	GGTGACCATTGAGGAATTCATTGAGTCTTGTCAAAAG*GATTTTATGGAAGACCTTGGGTTATGGAACAGAGAAA	out-of-frame
NUTM2A-AS1	FO681492.1	lncrna,t1,exon-exon	0	10	2	25	BOWTIE	10:87288442:-	10:47756222:-	ENSG00000223482	ENSG00000277758	ENSE00001774526	ENSE00003731014	CCGGAGCTTCTCAGAAGACAGAGGGTTTTCTTTTGAG*GTGTGTTTGTCAAAGTGTCTCTGATGAACCACAACAA	exonic(no-known-CDS)/CDS(truncated)
NUTM2A-AS1	FO681492.1	lncrna,t1,exon-exon	0	10	2	21	BOWTIE	10:87246115:-	10:47756222:-	ENSG00000223482	ENSG00000277758	ENSE00001782026	ENSE00003731014	CCGCCTGCCTCAGCCTCCAAAGTAGCTGAGACTACAG*GTGTGTTTGTCAAAGTGTCTCTGATGAACCACAACAA	exonic(no-known-CDS)/CDS(truncated)
AC004980.3	AC211476.4	pseudogene,exon-exon	0	9	2	23	BOWTIE	7:76524698:+	7:73065529:+	ENSG00000230305	ENSG00000277125	ENSE00002500030	ENSE00001414173	CCTGTGCGCCATAAGGAATTTCAAAGGAATGTTAAGA*AGTACAGAACCTGCTAAGGCCATCAAACCTATTGATC	exonic(no-known-CDS)/exonic(no-known-CDS)
AC006511.3	EEF1A1	oncogene,cancer,reciprocal	0	9	7	25	BOWTIE+STAR	12:8081113:-	6:73517603:-	ENSG00000279865	ENSG00000156508			TGTGGACCACTGGTTTTCTTTTTTGCGTGTGGCAGTTTTAAGTTATTAGT*TTTTTAAAATCAGTACTTTTTAATGGAAACAACTTGACCAAAAATTTGTC	exonic(no-known-CDS)/UTR
AC006511.3	EEF1A1	oncogene,cancer,reciprocal	0	9	4	21	BOWTIE+BLAT	12:8081389:-	6:73518070:-	ENSG00000279865	ENSG00000156508			CAACAGCAGCAGTCTTCACCGCTGCTGGAGCTGGCAAGGTCACCAAGTCT*GCCCATGTGTGTTGAGAGCTTCTCAGACTATCCACCTTTGGGTAAGGATG	exonic(no-known-CDS)/CDS(truncated)
AC138035.1	AL133216.2	pseudogene,lncrna,exon-exon,reciprocal	9	9	2	19	BOWTIE	5:181315953:+	10:38438858:+	ENSG00000238035	ENSG00000276805	ENSE00003606303	ENSE00003786742	TCTCCTGCCTCAGCCTCCCGAGTAGCTGGGATTACAG*CTGGATCTACCATGAAAGACTTCTGAATCCAGGAAGA	exonic(no-known-CDS)/exonic(no-known-CDS)
AC244669.1	LINC00869	pseudogene,exon-exon	0	9	2	17	BOWTIE	1:120340756:-	1:149646599:+	ENSG00000223804	ENSG00000277147	ENSE00003724740	ENSE00003739251	CCACCTTTACTTTTACCTATGTTGGCGGCCCCAGAAG*GGCCCGCCTGGCAGGACGACTGAGCAAGTCCTTGGAA	exonic(no-known-CDS)/exonic(no-known-CDS)
AC245297.3	LINC00869	pseudogene,lncrna,exon-exon	0	9	2	17	BOWTIE	1:149177212:+	1:149646599:+	ENSG00000274265	ENSG00000277147	ENSE00003724329	ENSE00003739251	CCACCTTTACTTTTACCTATGTTGGCGGCCCCAGAAG*GGCCCGCCTGGCAGGACGACTGAGCAAGTCCTTGGAA	exonic(no-known-CDS)/exonic(no-known-CDS)
AL133216.2	AC138035.1	pseudogene,lncrna,exon-exon,reciprocal	9	9	2	19	BOWTIE	10:38437206:+	5:181317331:+	ENSG00000276805	ENSG00000238035	ENSE00003785521	ENSE00003664740	TCTCCTGCCTCAGCCTCCCGAGTAGCTGGGATTACAA*CTGGATCTACCATGAAAGACTTGTGAATCCAGGAAGA	exonic(no-known-CDS)/exonic(no-known-CDS)
AL627309.5	AP006222.1	pseudogene,lncrna,ribosomal,10K<gap<100K,exon-exon	0	9	3	16	BOWTIE	1:165884:-	1:268816:-	ENSG00000241860	ENSG00000228463	ENSE00001949945	ENSE00001688505	GGTGAAGATTTACAACTTGATAAATCAACTTTGTCAG*ACCAAACCAATGCAGACCAAACCAATGCAGAACTCCT	exonic(no-known-CDS)/exonic(no-known-CDS)
AL627309.5	LINC01881	pseudogene,lncrna,exon-exon	0	9	3	16	BOWTIE	1:165884:-	2:242159349:+	ENSG00000241860	ENSG00000220804	ENSE00001949945	ENSE00003717509	GGTGAAGATTTACAACTTGATAAATCAACTTTGTCAG*ACCAAACCAATGCAGACCAAACCAATGCAGAACTCCT	exonic(no-known-CDS)/exonic(no-known-CDS)
EEF1A1	AC006511.3	oncogene,cancer,reciprocal	0	9	2	23	BOWTIE+BLAT	6:73517731:-	12:8081395:-	ENSG00000156508	ENSG00000279865			TTAATCAGTGGTGGAAGAACGGTCTCAGAACTGTTTGTTTCAATTGGCC*CAAGTCTGCCCAGAAAGCTCAGAAGGCTAGATGAATATCATCCCTAA	UTR/exonic(no-known-CDS)
FRG1	FRG1DP	pseudogene,cortex,exon-exon,reciprocal	0	9	10	22	BOWTIE	4:189952287:+	20:29094347:+	ENSG00000109536	ENSG00000282870	ENSE00003577067	ENSE00003791592	AATGGTCTTTTTACCCTGGGAGCTCCACACAAAGAAG*AATCACCCTGAAATCTGGCTATGGAAAATATCTTGGT	CDS(truncated)/exonic(no-known-CDS)
FRG1DP	FRG1	pseudogene,cortex,exon-exon,reciprocal	0	9	10	22	BOWTIE	20:29091719:+	4:189955037:+	ENSG00000282870	ENSG00000109536	ENSE00003787772	ENSE00003463981	AATGGTATTTTTACCCTGGGAGCTCCACACAAAGAAG*AATCGCCCTGAAGTCTGGCTATGGAAAATATCTTGGT	exonic(no-known-CDS)/CDS(truncated)
WASH2P	WASH6P	pseudogene,exon-exon,reciprocal	0	9	3	22	BOWTIE	2:113595515:+	X:156023012:+	ENSG00000146556	ENSG00000182484	ENSE00003284284	ENSE00001909874	GAGCAAGCACCGCCCCCTGGACGAGCGGGCCCTGCAG*GTCCCAGAGAACTACTTCTATGTGCCAGACCTGGGCC	exonic(no-known-CDS)/CDS(truncated)
WASH2P	WASHC1	pseudogene,exon-exon,reciprocal	0	9	2	22	BOWTIE	2:113595515:+	9:17166:-	ENSG00000146556	ENSG00000181404	ENSE00003284284	ENSE00001676789	GAGCAAGCACCGCCCCCTGGACGAGCGGGCCCTGCAG*GTCCCAGAGAACTACTTCTATGTGCCAGACCTGGGCC	exonic(no-known-CDS)/CDS(truncated)
WASH6P	WASH2P	pseudogene,exon-exon,reciprocal	0	9	3	22	BOWTIE	X:156022145:+	2:113596381:+	ENSG00000182484	ENSG00000146556	ENSE00003462616	ENSE00003640372	GAGCAAGCACCGCCCCCTGGACGAGCGGGCCCTGCAG*GTCCCTGAGAACTACTTCTATGTGCCAGACCTGGGCC	CDS(truncated)/exonic(no-known-CDS)
WASHC1	WASH2P	pseudogene,exon-exon,reciprocal	0	9	2	22	BOWTIE	9:18028:-	2:113596381:+	ENSG00000181404	ENSG00000146556	ENSE00003568262	ENSE00003640372	GAGCAAGCACCGCCCCCTGGACGAGCGGGCCCTGCAG*GTCCCTGAGAACTACTTCTATGTGCCAGACCTGGGCC	CDS(truncated)/exonic(no-known-CDS)
WASHC1	WASH8P	pseudogene,exon-exon	0	9	2	22	BOWTIE	9:18028:-	12:17170:-	ENSG00000181404	ENSG00000226210	ENSE00003568262	ENSE00003394647	GAGCAAGCACCGCCCCCTGGACGAGCGGGCCCTGCAG*GTCCCAGAGAACTACTTCTATGTGCCAGACCTGGGCC	CDS(truncated)/exonic(no-known-CDS)
AC138776.1	CR381670.1	pseudogene,exon-exon,reciprocal	0	8	4	24	BOWTIE	22:11886565:+	21:8880012:+	ENSG00000286406	ENSG00000278931	ENSE00003869821	ENSE00003757232	GGCAATTTCCCAAGAAACTGAAGGAAGAGCATGATAG*GATTTTCATAATCAGGAAGAAATGAAAGATCTGATGG	exonic(no-known-CDS)/exonic(no-known-CDS)
AC233699.1	TBC1D3	pseudogene,oncogene,tumor,exon-exon	0	8	2	23	BOWTIE	17:36320547:+	17:38191030:-	ENSG00000261499	ENSG00000274611	ENSE00003652186	ENSE00003731868	TATTTAACCAAGTTCCAACAAAAGAATGCTGCCGCAG*GATGGACGTGGTAGAGGTCGCGGGCAGTTGGTGGGCA	exonic(no-known-CDS)/UTR
AC233699.1	TBC1D3C	pseudogene,oncogene,ccle,exon-exon	0	8	2	23	BOWTIE	17:36320547:+	17:38067067:-	ENSG00000261499	ENSG00000278299	ENSE00003652186	ENSE00003717269	TATTTAACCAAGTTCCAACAAAAGAATGCTGCCGCAG*GATGGACGTGGTAGAGGTCGCGGGCAGTTGGTGGGCA	exonic(no-known-CDS)/UTR
AC233699.1	TBC1D3D	pseudogene,exon-exon	0	8	2	23	BOWTIE	17:36320547:+	17:38005560:+	ENSG00000261499	ENSG00000274419	ENSE00003652186	ENSE00003727777	TATTTAACCAAGTTCCAACAAAAGAATGCTGCCGCAG*GATGGACGTGGTAGAGGTCGCGGGCAGTTGGTGGGCA	exonic(no-known-CDS)/UTR
AC233699.1	TBC1D3E	pseudogene,exon-exon	0	8	2	23	BOWTIE	17:36320547:+	17:38129495:+	ENSG00000261499	ENSG00000278599	ENSE00003652186	ENSE00003731053	TATTTAACCAAGTTCCAACAAAAGAATGCTGCCGCAG*GATGGACGTGGTAGAGGTCGCGGGCAGTTGGTGGGCA	exonic(no-known-CDS)/UTR
AC233699.1	TBC1D3G	adjacent,pseudogene,1K<gap<10K,readthrough,exon-exon	0	8	2	23	BOWTIE	17:36320547:+	17:36325411:+	ENSG00000261499	ENSG00000260287	ENSE00003652186	ENSE00003510663	TATTTAACCAAGTTCCAACAAAAGAATGCTGCCGCAG*GATGGACGTGGTAGAGGTCGCGGGCAGTTGGTGGGCA	exonic(no-known-CDS)/UTR
AC233699.1	TBC1D3H	pseudogene,exon-exon	0	8	2	23	BOWTIE	17:36320547:+	17:36386896:-	ENSG00000261499	ENSG00000274226	ENSE00003652186	ENSE00003731960	TATTTAACCAAGTTCCAACAAAAGAATGCTGCCGCAG*GATGGACGTGGTAGAGGTCGCGGGCAGTTGGTGGGCA	exonic(no-known-CDS)/UTR
AC233699.1	TBC1D3I	pseudogene,exon-exon	0	8	2	23	BOWTIE	17:36320547:+	17:36262986:-	ENSG00000261499	ENSG00000274933	ENSE00003652186	ENSE00003737692	TATTTAACCAAGTTCCAACAAAAGAATGCTGCCGCAG*GATGGACGTGGTAGAGGTCGCGGGCAGTTGGTGGGCA	exonic(no-known-CDS)/UTR
AC233699.1	TBC1D3K	pseudogene,exon-exon	0	8	2	23	BOWTIE	17:36320547:+	17:37925999:+	ENSG00000261499	ENSG00000273513	ENSE00003652186	ENSE00003714746	TATTTAACCAAGTTCCAACAAAAGAATGCTGCCGCAG*GATGGACGTGGTAGAGGTCGCGGGCAGTTGGTGGGCA	exonic(no-known-CDS)/UTR
AC233699.1	TBC1D3L	pseudogene,exon-exon	0	8	2	23	BOWTIE	17:36320547:+	17:37987521:-	ENSG00000261499	ENSG00000274512	ENSE00003652186	ENSE00003728335	TATTTAACCAAGTTCCAACAAAAGAATGCTGCCGCAG*GATGGACGTGGTAGAGGTCGCGGGCAGTTGGTGGGCA	exonic(no-known-CDS)/UTR
AL627309.5	AL627309.1	lncrna,1K<gap<10K,exon-exon	0	8	3	16	BOWTIE	1:165884:-	1:92240:-	ENSG00000241860	ENSG00000238009	ENSE00001949945	ENSE00001944529	GGTGAAGATTTACAACTTGATAAATCAACTTTGTCAG*ACCAAACCAATGCAGACCAAACCAATGCAGAACTCCT	exonic(no-known-CDS)/exonic(no-known-CDS)
AL627309.5	LINC02193	lncrna,exon-exon	0	8	3	16	BOWTIE	1:165884:-	16:90214682:+	ENSG00000241860	ENSG00000260923	ENSE00001949945	ENSE00002623947	GGTGAAGATTTACAACTTGATAAATCAACTTTGTCAG*ACCAAACCAATGCAGACCAAACCAATGCAGAACTCCT	exonic(no-known-CDS)/exonic(no-known-CDS)
CR381670.1	AC138776.1	pseudogene,exon-exon,reciprocal	0	8	3	24	BOWTIE	21:8877294:+	22:11889310:+	ENSG00000278931	ENSG00000286406	ENSE00003759751	ENSE00003859113	AGCAATTTCCCAAGAAACTGAAGGAAGAGCATGATAG*GATTTTCATAATCACGAAGAAATGAAAGATCTGATGG	exonic(no-known-CDS)/exonic(no-known-CDS)
CR381670.1	AC138776.1	pseudogene,exon-exon,reciprocal	0	8	2	18	BOWTIE	21:8864082:+	22:11876224:+	ENSG00000278931	ENSG00000286406	ENSE00003759425	ENSE00003880389	GAAAAAGGAAACAGAATAGTCAATGGAAAAGGAAAAG*CCTAGCACTGAAGTGGAAGATCCTGCTGTGAAAGGAG	exonic(no-known-CDS)/exonic(no-known-CDS)
FAM157C	AL732372.2	pseudogene,lncrna,exon-exon	16	8	2	19	BOWTIE	16:90158055:+	1:501620:-	ENSG00000260528	ENSG00000237094	ENSE00002577839	ENSE00003186556	TCTCCTGCCTCAGCCTCCCGAGTAGCTGGGATTACAG*CTGGATCTACCATGAAAGACTTGTGAATCCAGGAAGA	exonic(no-known-CDS)/exonic(no-known-CDS)
FRG1	FRG1GP	pseudogene,exon-exon,reciprocal	0	8	10	22	BOWTIE	4:189952287:+	22:12618171:+	ENSG00000109536	ENSG00000283023	ENSE00003577067	ENSE00003786552	AATGGTCTTTTTACCCTGGGAGCTCCACACAAAGAAG*AATCGCCCTGAAATCTGGCTATAGAAAATATCTTGGT	CDS(truncated)/exonic(no-known-CDS)
FRG1GP	FRG1	pseudogene,exon-exon,reciprocal	0	8	10	22	BOWTIE	22:12615534:+	4:189955037:+	ENSG00000283023	ENSG00000109536	ENSE00003785913	ENSE00003463981	AATGGTCTTTTTACCCTGGGAGCTCCACACAAAGAAA*AATCGCCCTGAAGTCTGGCTATGGAAAATATCTTGGT	exonic(no-known-CDS)/CDS(truncated)
LINC01347	AC110079.1	pseudogene,exon-exon	9	8	2	25	BOWTIE	1:243101386:-	4:118597094:+	ENSG00000214837	ENSG00000260404	ENSE00001792978	ENSE00002610340	ATGATCCCACCACAGCATTCCAGCCTGCGAGATTGAG*GCCCTCACAATCCAGTGGAGGAGACGAAACTCATCTG	exonic(no-known-CDS)/exonic(no-known-CDS)
LINC01347	FAM157A	pseudogene,exon-exon	9	8	2	25	BOWTIE	1:243101386:-	3:198181927:+	ENSG00000214837	ENSG00000236438	ENSE00001792978	ENSE00003787460	ATGATCCCACCACAGCATTCCAGCCTGCGAGATTGAG*GCCCTCACAATCCAGTGGAGGAGACGAAACTCATCTG	exonic(no-known-CDS)/exonic(no-known-CDS)
NPEPPS	TBC1D3	banned,known,oncogene,bodymap2,hpa,gtex,18cancers,tumor,mitelman,exon-exon	0	8	2	23	BOWTIE	17:47592545:+	17:38191030:-	ENSG00000141279	ENSG00000274611	ENSE00003785912	ENSE00003731868	TATTTAACCAAGTTCCAACAAAAGAATGCTGCCACAG*GATGGACGTGGTAGAGGTCGCGGGCAGTTGGTGGGCA	CDS(complete)/UTR
WASH3P	WASHC1	pseudogene,exon-exon,reciprocal	0	8	2	25	BOWTIE	15:101966223:+	9:18174:-	ENSG00000185596	ENSG00000181404	ENSE00003488566	ENSE00003568262	AGTACCTGCAGAAGGTCTCTGGAGACATCTTCAGCAG*GTGTTCTCCAGTGCCAAGTACCCTGCTCCAGGGCGCC	exonic(no-known-CDS)/CDS(truncated)
WASH3P	WASHC1	pseudogene,exon-exon,reciprocal	0	8	2	22	BOWTIE	15:101973047:+	9:17166:-	ENSG00000185596	ENSG00000181404	ENSE00003637821	ENSE00001676789	GAGCAAGCACCGCCCCCTGGACGAGCGGGCCCTGCAG*GTCCCAGAGAACTACTTCTATGTGCCAGACCTGGGCC	exonic(no-known-CDS)/CDS(truncated)
WASH5P	WASH3P	pseudogene,exon-exon	0	8	2	25	BOWTIE	19:66346:-	15:101972901:+	ENSG00000282458	ENSG00000185596	ENSE00003783498	ENSE00003637821	AGTACCTGCAGAAGGTCTCTGGAGACATCTTCAGCAG*GTGTTCTCCAGTGCCAAGTACCCTGCTCCAGAGCGCC	exonic(no-known-CDS)/exonic(no-known-CDS)
WASHC1	WASH3P	pseudogene,exon-exon,reciprocal	0	8	2	25	BOWTIE	9:24851:-	15:101972901:+	ENSG00000181404	ENSG00000185596	ENSE00001724555	ENSE00003637821	AGTACCTGCAGAAGGTCTCTGGAGACATCTTCAGCAG*GTGTTCTCCAGTGCCAAGTACCCTGCTCCAGAGCGCC	CDS(truncated)/exonic(no-known-CDS)
WASHC1	WASH3P	pseudogene,exon-exon,reciprocal	0	8	2	22	BOWTIE	9:18028:-	15:101973905:+	ENSG00000181404	ENSG00000185596	ENSE00003568262	ENSE00002520728	GAGCAAGCACCGCCCCCTGGACGAGCGGGCCCTGCAG*GTCCCAGAGAACTACTTCTATGTGCCAGACCTGGG	CDS(truncated)/exonic(no-known-CDS)
AC138035.1	AL669831.1	pseudogene,lncrna,exon-exon,reciprocal	9	7	2	19	BOWTIE	5:181315953:+	1:756141:-	ENSG00000238035	ENSG00000228327	ENSE00003606303	ENSE00003788233	TCTCCTGCCTCAGCCTCCCGAGTAGCTGGGATTACAG*CTGGACCTACCATGAAAGACTTCTGAATCCAGGAAGA	exonic(no-known-CDS)/exonic(no-known-CDS)
AL669831.1	AC138035.1	pseudogene,lncrna,exon-exon,reciprocal	9	7	2	19	BOWTIE	1:744728:-	5:181317331:+	ENSG00000228327	ENSG00000238035	ENSE00003790979	ENSE00003664740	TCTCCTGCCTCAGCCTCCCGAGTAGCTGGGATTACAG*CTGGATCTACCATGAAAGACTTGTGAATCCAGGAAGA	exonic(no-known-CDS)/exonic(no-known-CDS)
AL669831.1	LINC01347	pseudogene,exon-exon,reciprocal	9	7	2	25	BOWTIE	1:778284:-	1:243096122:-	ENSG00000228327	ENSG00000214837	ENSE00001715349	ENSE00002381849	ATGATCCCACCACAGCATTCCAGCCTGCGAGATTGAG*GCCCTCACAATCCAGTGGAGGAGACGAAACTCATCTG	exonic(no-known-CDS)/exonic(no-known-CDS)
CYTOR	AC083899.1	pseudogene,lncrna,exon-exon	0	7	7	25	BOWTIE	2:87606769:+	2:87125198:+	ENSG00000222041	ENSG00000204745	ENSE00003831044	ENSE00003823894	TTGCAAGAAACCTCAGGACTTGAGTAACAGCAACATG*TTTGACTTTGAAGGATCACTTTCCCCTGTCATTGCGC	exonic(no-known-CDS)/exonic(no-known-CDS)
FAM157C	LINC01881	pseudogene,lncrna,exon-exon,reciprocal	0	7	3	16	BOWTIE	16:90136600:+	2:242159349:+	ENSG00000260528	ENSG00000220804	ENSE00002615604	ENSE00003717509	GGTGAAGATTTACAACTTGATAAATCAACTTTGTCAG*ACCAAACCAATGCAGACCAAACCAATGCAGAACTCCT	exonic(no-known-CDS)/exonic(no-known-CDS)
FAM21EP	WASHC2A	pseudogene,18cancers,exon-exon,reciprocal	0	7	5	25	BOWTIE	10:50056784:-	10:50104042:+	ENSG00000235618	ENSG00000099290	ENSE00002445189	ENSE00003563655	TCAGACAGATGAAAATAAAGCAAGAGCAGAAAAAAAG*GATTTGTTTTCTTCTCAAAGTGCGAGTAAGTTAAAAG	exonic(no-known-CDS)/CDS(truncated)
FAM21EP	WASHC2A	pseudogene,18cancers,exon-exon,reciprocal	0	7	2	21	BOWTIE	10:50048202:-	10:50113895:+	ENSG00000235618	ENSG00000099290	ENSE00003700189	ENSE00003595056	GAAAGCATCTGCCCTGTTGTTCAGCAGTGATGAGGAG*CCAAAAGAAGACCCAGAGAGTGTCACTCCTCTTTGAA	exonic(no-known-CDS)/CDS(truncated)
FRG1JP	FRG1CP	pseudogene,exon-exon	0	7	8	21	BOWTIE	9:63842824:-	20:28588757:-	ENSG00000215548	ENSG00000282826	ENSE00001713211	ENSE00003790943	AATGGTCTTTTTACCCTGGGAGCTCCACACAAAGAAG*AATCACCCTGAAATCTGGCTATGGAAAATATCTTGGT	exonic(no-known-CDS)/exonic(no-known-CDS)
LINC01347	AL669831.1	pseudogene,exon-exon,reciprocal	9	7	2	25	BOWTIE	1:243101386:-	1:773107:-	ENSG00000214837	ENSG00000228327	ENSE00001792978	ENSE00001740558	ATGATCCCACCACAGCATTCCAGCCTGCGAGATTGAG*GCCCTCACAATCCAGTGGAGGAGACGCAACTCATCTG	exonic(no-known-CDS)/exonic(no-known-CDS)
LINC01881	FAM157C	pseudogene,lncrna,exon-exon,reciprocal	0	7	3	18	BOWTIE	2:242119057:+	16:90177717:+	ENSG00000220804	ENSG00000260528	ENSE00003582247	ENSE00002622253	AATTCAAGATACCCGAAGGTTCAATTATGTGGTCAAA*CTGCAGGACAAGTTCGAGCATCTTAAAATGATTCAAC	exonic(no-known-CDS)/exonic(no-known-CDS)
MIR4435-2HG	AC083899.1	pseudogene,lncrna,exon-exon	0	7	7	25	BOWTIE	2:111344061:-	2:87125198:+	ENSG00000172965	ENSG00000204745	ENSE00001787240	ENSE00003823894	TTGCAAGAAACCTCAGGACTTGAGTAACAGCAACATG*TTTGACTTTGAAGGATCACTTTCCCCTGTCATTGCGC	exonic(no-known-CDS)/exonic(no-known-CDS)
WASHC2A	FAM21EP	pseudogene,18cancers,exon-exon,reciprocal	0	7	5	25	BOWTIE	10:50097802:+	10:50050633:-	ENSG00000099290	ENSG00000235618	ENSE00003691776	ENSE00003702212	TCAGACAGATGAAAATAAAGCAAGAGCAGAAAAAAAG*GATTTGTTTTCTTCTCAAAGTGCGAGTAACTTAAAAG	CDS(truncated)/exonic(no-known-CDS)
AC011497.2	ZFAND5	pseudogene	0	6	3	24	BOWTIE+STAR	19:42485092:-	9:72355972:-	ENSG00000269374	ENSG00000107372			GCAGAAGCTGCAGCAAAAATCAGAAAAGAGAATCCAGTTGTTGTGGCTGA*AAAAAATTCAGAGAATATAAATTACTTCTTGTGAAGAGACTGAAACTTTG	exonic(no-known-CDS)/CDS(truncated)
AC138035.1	AL513314.2	lncrna,exon-exon,reciprocal	0	6	2	19	BOWTIE	5:181315953:+	1:222486121:-	ENSG00000238035	ENSG00000276997	ENSE00003606303	ENSE00003716945	TCTCCTGCCTCAGCCTCCCGAGTAGCTGGGATTACAG*CTGGATCTACCATGAAAGACTTCTGAATCCAGGAAGA	exonic(no-known-CDS)/exonic(no-known-CDS)
ADIPOQ	AL133553.1	lncrna	0	6	2	20	BOWTIE+BLAT	3:186858131:+	1:186177208:-	ENSG00000181092	ENSG00000224691			CTGCCTCAGCCTCCCAAGTAGCTGGAACTACAGGCTCATGCCACTGCGCC*TCAGCCTCCCAAGTAGCTGGAACTACAGGTGTGTGCCACCACGCCCAGCT	UTR/exonic(no-known-CDS)
AL513314.2	AC138035.1	lncrna,exon-exon,reciprocal	0	6	2	19	BOWTIE	1:222490123:-	5:181317331:+	ENSG00000276997	ENSG00000238035	ENSE00003753003	ENSE00003664740	GCTCCTGCCTCAGCTTCCCGAGTAGCTGGGATTACAG*CTGGATCTACCATGAAAGACTTGTGAATCCAGGAAGA	exonic(no-known-CDS)/exonic(no-known-CDS)
COL8A1	AMER2	short_repeats,sr1.89	1	6	4	25	BOWTIE+STAR	3:99797280:+	13:25164115:-	ENSG00000144810	ENSG00000165566			CATGTATGCAAACTGATATGTAATCTGAGGTTCCAAAGTCAATTTTTTTC*TTTTTTTTTTTGAGATGGAGTCTTACTCTGTCACCCAGGCTGGAGTGCAG	UTR/UTR
FHL1	AC008040.1	lncrna	0	6	2	25	BOWTIE+BLAT	X:136209942:+	3:169946074:-	ENSG00000022267	ENSG00000239219			GGTGGCCTATGAAGGACAATCCTGGCACGACTACTGCTTCCACTGCAAAA*ACCCCATCACTGGGTTTGGTAAAGGCTCCAGTGTGGTGGCCTATGAAGGA	CDS(truncated)/exonic(no-known-CDS)
FHL1	AC008040.1	lncrna	0	6	2	25	BOWTIE+BLAT	X:136207946:+	3:169946300:-	ENSG00000022267	ENSG00000239219			AGGACTTCTACTGCGTGACTTGCCATGAGACCAAGTTTGCCAAGCATTGC*GTGACTTGCCATGAGACCAAGTTTGCTAAGCATTGTGTGAAGTGCAACAA	CDS(truncated)/exonic(no-known-CDS)
FHL1	AC008040.1	lncrna	0	6	2	22	BOWTIE+BLAT	X:136209992:+	3:169946091:-	ENSG00000022267	ENSG00000239219			AATGCTCCGTGAATCTGGCCAACAAGCGCTTTGTTTTCCACCAGGAGCAA*GTGTGCTGGATGCAAGCACCCCATCACTGGGTTTGGTAAAGGCTCCAGTG	CDS(truncated)/exonic(no-known-CDS)
FRG1	FRG1CP	pseudogene,exon-exon,reciprocal	0	6	10	22	BOWTIE	4:189952287:+	20:28588757:-	ENSG00000109536	ENSG00000282826	ENSE00003577067	ENSE00003790943	AATGGTCTTTTTACCCTGGGAGCTCCACACAAAGAAG*AATCACCCTGAAATCTGGCTATGGAAAATATCTTGGT	CDS(truncated)/exonic(no-known-CDS)
FRG1CP	FRG1	pseudogene,exon-exon,reciprocal	0	6	10	22	BOWTIE	20:28591394:-	4:189955037:+	ENSG00000282826	ENSG00000109536	ENSE00003790336	ENSE00003463981	AATGGTCTTTTTACCCTGGGAGCTCCACACAAAGAAG*AATCGCCCTGAAGTCTGGCTATGGAAAATATCTTGGT	exonic(no-known-CDS)/CDS(truncated)
FRG1JP	FRG1FP	pseudogene,exon-exon	0	6	8	21	BOWTIE	9:63842824:-	22:10947418:-	ENSG00000215548	ENSG00000283047	ENSE00001713211	ENSE00003787541	AATGGTCTTTTTACCCTGGGAGCTCCACACAAAGAAG*AATCACCCTGAAATCTGGCTATGGAAAATATCTTGGT	exonic(no-known-CDS)/exonic(no-known-CDS)
NUTM2B-AS1	FO681492.1	lncrna,t1,exon-exon	0	6	2	21	BOWTIE	10:79723915:-	10:47756222:-	ENSG00000225484	ENSG00000277758	ENSE00003722651	ENSE00003731014	CCTCCTGCCTCAGCCTCCAAAGTAGCTGAGACTAGAG*GTGTGTTTGTCAAAGTGTCTCTGATGAACCACAACAA	exonic(no-known-CDS)/CDS(truncated)
PLIN1	KIF7	adjacent,t2,1K<gap<10K,readthrough,exon-exon	0	6	2	23	BOWTIE	15:89666936:-	15:89652954:-	ENSG00000166819	ENSG00000166813	ENSE00001106920	ENSE00002254819	TGACAACGTGGTGGACACAGTGGTGCATTACGTGCCG*GGCCCAGAGCAGTCCTCCCTCGGCATGGGGCTGGAGG	CDS(truncated)/UTR
WASH2P	WASH3P	pseudogene,exon-exon,reciprocal	0	6	2	25	BOWTIE	2:113588703:+	15:101972901:+	ENSG00000146556	ENSG00000185596	ENSE00002493877	ENSE00003637821	AGTACCTGCAGAAGGTCTCTGGAGACATCTTCAGCAG*GTGTTCTCCAGTGCCAAGTACCCTGCTCCAGAGCGCC	exonic(no-known-CDS)/exonic(no-known-CDS)
WASH2P	WASH3P	pseudogene,exon-exon,reciprocal	0	6	2	22	BOWTIE	2:113595515:+	15:101973905:+	ENSG00000146556	ENSG00000185596	ENSE00003284284	ENSE00002520728	GAGCAAGCACCGCCCCCTGGACGAGCGGGCCCTGCAG*GTCCCAGAGAACTACTTCTATGTGCCAGACCTGGG	exonic(no-known-CDS)/exonic(no-known-CDS)
WASH3P	WASH2P	pseudogene,exon-exon,reciprocal	0	6	2	22	BOWTIE	15:101973047:+	2:113596381:+	ENSG00000185596	ENSG00000146556	ENSE00003637821	ENSE00003640372	GAGCAAGCACCGCCCCCTGGACGAGCGGGCCCTGCAG*GTCCCTGAGAACTACTTCTATGTGCCAGACCTGGGCC	exonic(no-known-CDS)/exonic(no-known-CDS)
WASH4P	WASH6P	pseudogene,exon-exon,reciprocal	0	6	3	22	BOWTIE	16:17604:-	X:156023012:+	ENSG00000234769	ENSG00000182484	ENSE00003623683	ENSE00001909874	GAGCAAGCAGCGCCCCCTGGACGAGCGGGCCCTGCAA*GTCCCAGAGAACTACTTCTATGTGCCAGACCTGGGCC	exonic(no-known-CDS)/CDS(truncated)
WASH6P	WASH4P	pseudogene,exon-exon,reciprocal	0	6	3	22	BOWTIE	X:156022145:+	16:16738:-	ENSG00000182484	ENSG00000234769	ENSE00003462616	ENSE00001686309	GAGCAAGCACCGCCCCCTGGACGAGCGGGCCCTGCAG*GTCCCAGAGAACTACTTCTATGTGCCAGACCTGGGCC	CDS(truncated)/exonic(no-known-CDS)
WASH6P	WASH8P	pseudogene,exon-exon	0	6	3	22	BOWTIE	X:156022145:+	12:17170:-	ENSG00000182484	ENSG00000226210	ENSE00003462616	ENSE00003394647	GAGCAAGCACCGCCCCCTGGACGAGCGGGCCCTGCAG*GTCCCAGAGAACTACTTCTATGTGCCAGACCTGGGCC	CDS(truncated)/exonic(no-known-CDS)
AC138035.1	LINC00265	lncrna,exon-exon,reciprocal	9	5	2	19	BOWTIE	5:181315953:+	7:39782735:+	ENSG00000238035	ENSG00000188185	ENSE00003606303	ENSE00001660874	TCTCCTGCCTCAGCCTCCCGAGTAGCTGGGATTACAG*CTGGATCTACCATGAAAGACTTCTGAATCCAGGAAGA	exonic(no-known-CDS)/exonic(no-known-CDS)
AL133216.2	FAM157A	pseudogene,exon-exon	17	5	2	25	BOWTIE	10:38403550:+	3:198181927:+	ENSG00000276805	ENSG00000236438	ENSE00003788055	ENSE00003787460	ATGATCCCACCACAGCATTCCAGCCTGCGAGATTGAG*GCCCTCACAATCCAGTGGAGGAGACGAAACTCATCTG	exonic(no-known-CDS)/exonic(no-known-CDS)
AL669831.1	AC108010.1	pseudogene,lncrna,exon-exon	0	5	2	25	BOWTIE	1:778284:-	7:128619046:+	ENSG00000228327	ENSG00000242588	ENSE00001715349	ENSE00003486718	ATGATCCCACCACAGCATTCCAGCCTGCGAGATTGAG*GCCCTCACAATCCAGTGGAGGAGACGAAACTCAGCTG	exonic(no-known-CDS)/exonic(no-known-CDS)
BMS1P4	AGAP4	lncrna,exon-exon	0	5	2	21	BOWTIE	10:73713204:-	10:45848912:-	ENSG00000271816	ENSG00000188234	ENSE00002439611	ENSE00002518752	ACTGAGAGGAAGCTACACAAAAGGCAGCAAAGTATTA*TTGCTCCTTCACATGTTCCCACTCTCTGTGCGGCCAC	exonic(no-known-CDS)/UTR
CYTOR	ANAPC1	lncrna,chimer4seq,exon-exon	0	5	7	25	BOWTIE	2:87606769:+	2:111838512:-	ENSG00000222041	ENSG00000153107	ENSE00003831044	ENSE00001146277	TTGCAAGAAACCTCAGGACTTGAGTAACAGCAACATG*TTTGACTTTGAAGGATCACTTTCTCCTGTCATTGCGC	exonic(no-known-CDS)/CDS(truncated)
FRG1	FRG1EP	pseudogene,exon-exon	0	5	10	22	BOWTIE	4:189952287:+	20:29488213:-	ENSG00000109536	ENSG00000282995	ENSE00003577067	ENSE00003789594	AATGGTCTTTTTACCCTGGGAGCTCCACACAAAGAAG*AATCGCCCTGAATTCTGGCTATGGAAAATATCTTGGT	CDS(truncated)/exonic(no-known-CDS)
FRG1JP	FRG1	pseudogene,exon-exon	0	5	13	22	BOWTIE	9:63842824:-	4:189955037:+	ENSG00000215548	ENSG00000109536	ENSE00001713211	ENSE00003463981	AATGGTCTTTTTACCCTGGGAGCTCCACACAAAGAAG*AATCGCCCTGAAGTCTGGCTATGGAAAATATCTTGGT	exonic(no-known-CDS)/CDS(truncated)
ICA1L	PIGY	chimer4seq	0	5	2	24	BOWTIE+STAR	2:202774014:-	4:88521877:-	ENSG00000163596	ENSG00000255072			GATGACACATCAAAGAAGCAAGAAGTGGAGCAGCGCTAGTTCATAATTTA*AAAAAAATTAAAAAAACGCAACAGCCAACTTTTCTTAATACCATATACCT	UTR/UTR
LINC00265	AC138035.1	lncrna,exon-exon,reciprocal	9	5	2	19	BOWTIE	7:39781351:+	5:181317331:+	ENSG00000188185	ENSG00000238035	ENSE00001660897	ENSE00003664740	TCTCCTGACTTAGCCTCCCGAGTAGCTGGGATTACAG*CTGGATCTACCATGAAAGACTTGTGAATCCAGGAAGA	exonic(no-known-CDS)/exonic(no-known-CDS)
MIR4435-2HG	ANAPC1	lncrna,10K<gap<100K,exon-exon	0	5	7	25	BOWTIE	2:111344061:-	2:111838512:-	ENSG00000172965	ENSG00000153107	ENSE00001787240	ENSE00001146277	TTGCAAGAAACCTCAGGACTTGAGTAACAGCAACATG*TTTGACTTTGAAGGATCACTTTCTCCTGTCATTGCGC	exonic(no-known-CDS)/CDS(truncated)
WASH6P	WASH7P	pseudogene,exon-exon	0	5	3	22	BOWTIE	X:156022145:+	1:17055:-	ENSG00000182484	ENSG00000227232	ENSE00003462616	ENSE00003553898	GAGCAAGCACCGCCCCCTGGACGAGCGGGCCCTGCAG*GTCCCAGAGAACTACTTCTATGTGCCAGACCTGGGCC	CDS(truncated)/exonic(no-known-CDS)
WASH6P	WASH9P	pseudogene,exon-exon	0	5	3	22	BOWTIE	X:156022145:+	1:187577:-	ENSG00000182484	ENSG00000279457	ENSE00003462616	ENSE00003755701	GAGCAAGCACCGCCCCCTGGACGAGCGGGCCCTGCAG*GTCCCAGAGAACTACTTCTATGTGCCAGACCTGGGCC	CDS(truncated)/exonic(no-known-CDS)
AC233699.1	TBC1D3B	pseudogene,exon-exon	0	4	3	23	BOWTIE	17:36320547:+	17:36175051:-	ENSG00000261499	ENSG00000274808	ENSE00003652186	ENSE00003732139	TATTTAACCAAGTTCCAACAAAAGAATGCTGCCGCAG*GATGGACGTGGTAGAGGTCGCGGGTAGTTGGTGGGCA	exonic(no-known-CDS)/UTR
AC233699.1	TBC1D3F	pseudogene,exon-exon	0	4	2	23	BOWTIE	17:36320547:+	17:36437982:-	ENSG00000261499	ENSG00000275954	ENSE00003652186	ENSE00003717086	TATTTAACCAAGTTCCAACAAAAGAATGCTGCCGCAG*GATGGACGTGGTAGAGGTCGCGGGTAGTTGGTGGGCA	exonic(no-known-CDS)/UTR
AC240565.2	AP006222.1	pseudogene,lncrna,ribosomal,exon-exon	0	4	3	16	BOWTIE	17:98893:-	1:268816:-	ENSG00000280136	ENSG00000228463	ENSE00003760290	ENSE00001688505	GGTGAAGATTTACAACTTGATAAATCAACTTTGTCAG*ACCAAACCAATGCAGACCAAACCAATGCAGAACTCCT	exonic(no-known-CDS)/exonic(no-known-CDS)
AC240565.2	LINC01881	pseudogene,lncrna,exon-exon	0	4	3	16	BOWTIE	17:98893:-	2:242159349:+	ENSG00000280136	ENSG00000220804	ENSE00003760290	ENSE00003717509	GGTGAAGATTTACAACTTGATAAATCAACTTTGTCAG*ACCAAACCAATGCAGACCAAACCAATGCAGAACTCCT	exonic(no-known-CDS)/exonic(no-known-CDS)
AL669831.1	AP006222.1	pseudogene,ribosomal,exon-exon	0	4	3	16	BOWTIE	1:766329:-	1:268816:-	ENSG00000228327	ENSG00000228463	ENSE00001616222	ENSE00001688505	GGTGAAGATTTACAACTTGATAAATCAACTTTGTCAG*ACCAAACCAATGCAGACCAAACCAATGCAGAACTCCT	exonic(no-known-CDS)/exonic(no-known-CDS)
AL669831.1	LINC01881	pseudogene,exon-exon	0	4	3	16	BOWTIE	1:766329:-	2:242159349:+	ENSG00000228327	ENSG00000220804	ENSE00001616222	ENSE00003717509	GGTGAAGATTTACAACTTGATAAATCAACTTTGTCAG*ACCAAACCAATGCAGACCAAACCAATGCAGAACTCCT	exonic(no-known-CDS)/exonic(no-known-CDS)
CILP	DCN	exon-exon	0	4	4	17	BOWTIE	15:65201872:-	12:91153189:-	ENSG00000138615	ENSG00000011465	ENSE00000693673	ENSE00000752998	GCTGTGAAGTCCAAGGTTGCCCAGCTGATTGTCATAG*GTCTTCCTCCTTCCCTTACGGAATTACATCTTGATGG	in-frame
FAM157A	AP006222.1	pseudogene,ribosomal,exon-exon	0	4	3	16	BOWTIE	3:198188730:+	1:268816:-	ENSG00000236438	ENSG00000228463	ENSE00003788513	ENSE00001688505	GGTGAAGATTTACAACTTGATAAATCAACTTTGTCAG*ACCAAACCAATGCAGACCAAACCAATGCAGAACTCCT	exonic(no-known-CDS)/exonic(no-known-CDS)
FAM157A	LINC01881	pseudogene,exon-exon	0	4	3	16	BOWTIE	3:198188730:+	2:242159349:+	ENSG00000236438	ENSG00000220804	ENSE00003788513	ENSE00003717509	GGTGAAGATTTACAACTTGATAAATCAACTTTGTCAG*ACCAAACCAATGCAGACCAAACCAATGCAGAACTCCT	exonic(no-known-CDS)/exonic(no-known-CDS)
FAM157B	AP006222.1	pseudogene,ribosomal,exon-exon	0	4	3	16	BOWTIE	9:138251596:+	1:268816:-	ENSG00000233013	ENSG00000228463	ENSE00002345807	ENSE00001688505	GGTGAAGATTTACAACTTGATAAATCAACTTTGTCAG*ACCAAACCAATGCAGACCAAACCAATGCAGAACTCCT	exonic(no-known-CDS)/exonic(no-known-CDS)
FAM157B	LINC01881	pseudogene,exon-exon	0	4	3	16	BOWTIE	9:138251596:+	2:242159349:+	ENSG00000233013	ENSG00000220804	ENSE00002345807	ENSE00003717509	GGTGAAGATTTACAACTTGATAAATCAACTTTGTCAG*ACCAAACCAATGCAGACCAAACCAATGCAGAACTCCT	exonic(no-known-CDS)/exonic(no-known-CDS)
FAM157C	AP006222.1	pseudogene,lncrna,ribosomal,exon-exon	0	4	3	16	BOWTIE	16:90136600:+	1:268816:-	ENSG00000260528	ENSG00000228463	ENSE00002615604	ENSE00001688505	GGTGAAGATTTACAACTTGATAAATCAACTTTGTCAG*ACCAAACCAATGCAGACCAAACCAATGCAGAACTCCT	exonic(no-known-CDS)/exonic(no-known-CDS)
FAM157C	LINC01002	lncrna,exon-exon,reciprocal	20	4	2	19	BOWTIE	16:90158055:+	19:221205:-	ENSG00000260528	ENSG00000282508	ENSE00002577839	ENSE00003778652	TCTCCTGCCTCAGCCTCCCGAGTAGCTGGGATTACAG*CTGGACCTACCATGAAAGACTTCTGAATCCAGGAAGA	exonic(no-known-CDS)/exonic(no-known-CDS)
FRG1JP	FRG1DP	pseudogene,exon-exon	0	4	9	21	BOWTIE	9:63842824:-	20:29094347:+	ENSG00000215548	ENSG00000282870	ENSE00001713211	ENSE00003791592	AATGGTCTTTTTACCCTGGGAGCTCCACACAAAGAAG*AATCACCCTGAAATCTGGCTATGGAAAATATCTTGGT	exonic(no-known-CDS)/exonic(no-known-CDS)
GUSB	AC138409.2	pseudogene,exon-exon	0	4	4	24	BOWTIE	7:65967731:-	5:34182867:-	ENSG00000169919	ENSG00000215158	ENSE00003569314	ENSE00002086584	CGAGTATGGAGCAGAAACGATTGCAGGGTTTCACCAG*GGCTGGTGAATTACCATATCTCCGTCAAGTGCAGTAA	CDS(truncated)/exonic(no-known-CDS)
GUSB	AC138409.2	pseudogene,exon-exon	0	4	2	19	BOWTIE	7:65979727:-	5:34182867:-	ENSG00000169919	ENSG00000215158	ENSE00003534535	ENSE00002086584	CACCAGGGACCATCCAATACCTGACTGACACCTCCAA*GGCTGGTGAATTACCATATCTCCGTCAAGTGCAGTAA	CDS(truncated)/exonic(no-known-CDS)
LINC01002	FAM157C	lncrna,exon-exon,reciprocal	20	4	2	19	BOWTIE	19:209769:-	16:90159433:+	ENSG00000282508	ENSG00000260528	ENSE00003783942	ENSE00002614766	TCTCCTGCCTCAGCCTCCCGAGTAGCTGGGATTACAG*CTGGATCTACCATGAAAGACTTGTGAATCCAGGAAGA	exonic(no-known-CDS)/exonic(no-known-CDS)
LINC01347	AL133216.2	pseudogene,exon-exon	9	4	2	25	BOWTIE	1:243101386:-	10:38408803:+	ENSG00000214837	ENSG00000276805	ENSE00001792978	ENSE00003788984	ATGATCCCACCACAGCATTCCAGCCTGCGAGATTGAG*GCCCTCACAATCCAGTGGAGGAGACGAAACTCATCTG	exonic(no-known-CDS)/exonic(no-known-CDS)
LINC01881	AC069287.1	pseudogene,lncrna,exon-exon	0	4	3	18	BOWTIE	2:242119057:+	11:121426:-	ENSG00000220804	ENSG00000254468	ENSE00003582247	ENSE00002024333	AATTCAAGATACCCGAAGGTTCAATTATGTGGTCAAA*CTGCAGGACAAGTTCGAGCATCTTAAAATGATTCAAC	exonic(no-known-CDS)/exonic(no-known-CDS)
LINC01881	AC096582.1	pseudogene,exon-exon	0	4	3	18	BOWTIE	2:242119057:+	7:45820922:+	ENSG00000220804	ENSG00000226838	ENSE00003582247	ENSE00001667455	AATTCAAGATACCCGAAGGTTCAATTATGTGGTCAAA*CTGCACGACAAGTTCGAGCATCTTAAAATGATTCAAC	exonic(no-known-CDS)/exonic(no-known-CDS)
LINC01881	AC138035.2	pseudogene,lncrna,exon-exon	0	4	3	18	BOWTIE	2:242119057:+	5:181333743:+	ENSG00000220804	ENSG00000250765	ENSE00003582247	ENSE00002468373	AATTCAAGATACCCGAAGGTTCAATTATGTGGTCAAA*CTGCAGGACAAGTTCGAGCATCTTAAAATGATTCAAC	exonic(no-known-CDS)/exonic(no-known-CDS)
LINC01881	AL133216.1	pseudogene,lncrna,exon-exon	0	4	3	18	BOWTIE	2:242119057:+	10:38457681:+	ENSG00000220804	ENSG00000203496	ENSE00003582247	ENSE00002489666	AATTCAAGATACCCGAAGGTTCAATTATGTGGTCAAA*CTGGAGGACAAGTTCGAGCATCTTAAAATGATTCAAC	exonic(no-known-CDS)/exonic(no-known-CDS)
LINC01881	AL669831.3	pseudogene,exon-exon	25	4	3	18	BOWTIE	2:242119057:+	1:720200:-	ENSG00000220804	ENSG00000230021	ENSE00003582247	ENSE00001745637	AATTCAAGATACCCGAAGGTTCAATTATGTGGTCAAA*CTGCAGGACAAGTTCGAGCATCTTAAAATGATTCAAC	exonic(no-known-CDS)/exonic(no-known-CDS)
LINC01881	AL732372.2	pseudogene,exon-exon	0	4	3	18	BOWTIE	2:242119057:+	1:485208:-	ENSG00000220804	ENSG00000237094	ENSE00003582247	ENSE00001758832	AATTCAAGATACCCGAAGGTTCAATTATGTGGTCAAA*CTGCAGGACAAGTTCGAGCATCTTAAAATGATTCAAC	exonic(no-known-CDS)/exonic(no-known-CDS)
LINC01881	SEPTIN14	pseudogene,exon-exon	0	4	3	18	BOWTIE	2:242119057:+	7:55796092:-	ENSG00000220804	ENSG00000154997	ENSE00003582247	ENSE00001370673	AATTCAAGATACCCGAAGGTTCAATTATGTGGTCAAA*CTGCAGGACAAGTTCGAGCATCTTAAAATGATTCAAC	exonic(no-known-CDS)/CDS(truncated)
LINC02482	SELENOP	lncrna,exon-exon	0	4	4	17	BOWTIE	4:6673684:-	5:42808366:-	ENSG00000251580	ENSG00000250722	ENSE00002078690	ENSE00003467612	CTCACTGACTTCAAGAATGAAGCCACGGACCCTCGCG*GACAACCCCAGCAATGTGGAGAAGCCTGGGGCTTGCC	exonic(no-known-CDS)/UTR
MYMX	SLC29A1	adjacent,cancer,t4,1K<gap<10K,readthrough,exon-exon	0	4	3	24	BOWTIE	6:44216968:+	6:44227263:+	ENSG00000262179	ENSG00000112759	ENSE00002665155	ENSE00003472452	CCAGCCAGAGACTGATTCTGAGCAGCAGTTCTGCCCG*GCCCCTGAGGGAGGGAGCTGTCAGCCAGGGAAAACCG	UTR/UTR
POLR2J2	POLR2J3	chimer4seq,10K<gap<100K,exon-exon	0	4	2	20	BOWTIE	7:102668915:-	7:102541662:-	ENSG00000228049	ENSG00000168255	ENSE00003655614	ENSE00003544024	ACAAAGAAGACCACACACTGGGAAACATCATTAAATC*CTGCCCCAGAGCACATCAGCTATGTGCCCCAGCTCTC	in-frame
POLR2J3	AC105052.3	10K<gap<100K,exon-exon	3	4	2	20	BOWTIE	7:102569835:-	7:102640773:-	ENSG00000168255	ENSG00000267645	ENSE00003824147	ENSE00003539645	ACAAAGAAGACCACACACTGGGAAACATCATTAAATC*CTGCCCCAGAGCACATCAGCTATGTGCCCCAGCTCTC	CDS(truncated)/UTR
WASH4P	WASHC1	pseudogene,exon-exon,reciprocal	0	4	2	22	BOWTIE	16:17604:-	9:17166:-	ENSG00000234769	ENSG00000181404	ENSE00003623683	ENSE00001676789	GAGCAAGCAGCGCCCCCTGGACGAGCGGGCCCTGCAA*GTCCCAGAGAACTACTTCTATGTGCCAGACCTGGGCC	exonic(no-known-CDS)/CDS(truncated)
WASH8P	WASH9P	pseudogene,exon-exon	0	4	2	22	BOWTIE	12:18037:-	1:187577:-	ENSG00000226210	ENSG00000279457	ENSE00003393022	ENSE00003755701	GAGCAAGCACCGCCCCCTGGACGAGCGGGCCCTGCAG*GTCCCAGAGAACTACTTCTATGTGCCAGACCTGGGCC	exonic(no-known-CDS)/exonic(no-known-CDS)
WASHC1	WASH4P	pseudogene,exon-exon,reciprocal	0	4	2	22	BOWTIE	9:18028:-	16:16738:-	ENSG00000181404	ENSG00000234769	ENSE00003568262	ENSE00001686309	GAGCAAGCACCGCCCCCTGGACGAGCGGGCCCTGCAG*GTCCCAGAGAACTACTTCTATGTGCCAGACCTGGGCC	CDS(truncated)/exonic(no-known-CDS)
AC017116.2	AC105052.3	lncrna,exon-exon	0	3	2	20	BOWTIE	7:44016434:-	7:102640773:-	ENSG00000285596	ENSG00000267645	ENSE00003835323	ENSE00003539645	ACAAAGAAGACCACACACTGGGAAACATCATTAAATC*CTGCCCCAGAGCACATCAGCTATGTGCCCCAGCTCTC	exonic(no-known-CDS)/UTR
AC017116.2	POLR2J3	lncrna,exon-exon	0	3	2	20	BOWTIE	7:44016434:-	7:102541662:-	ENSG00000285596	ENSG00000168255	ENSE00003835323	ENSE00003544024	ACAAAGAAGACCACACACTGGGAAACATCATTAAATC*CTGCCCCAGAGCACATCAGCTATGTGCCCCAGCTCTC	exonic(no-known-CDS)/CDS(truncated)
AC124864.2	SELENOP	lncrna,exon-exon	0	3	3	17	BOWTIE	21:9678353:+	5:42808366:-	ENSG00000286103	ENSG00000250722	ENSE00003846233	ENSE00003467612	CTCACTGACTTCAAGAATGAAGCCACGGACCCTTGCG*GACAACCCCAGCAATGTGGAGAAGCCTGGGGCTTGCC	exonic(no-known-CDS)/UTR
AC126544.2	WDR55	lncrna,exon-exon	0	3	4	21	BOWTIE	17:45588293:-	5:140671322:+	ENSG00000285668	ENSG00000120314	ENSE00003831775	ENSE00002070748	AATGAACTAAAAAAGAGAGAGAACACACACAGCCCAG*CCCCAGCAGACCACAGGAGGTTGGCCCCAGACTCACT	exonic(no-known-CDS)/UTR
AC240565.2	AL627309.1	lncrna,exon-exon	0	3	3	16	BOWTIE	17:98893:-	1:92240:-	ENSG00000280136	ENSG00000238009	ENSE00003760290	ENSE00001944529	GGTGAAGATTTACAACTTGATAAATCAACTTTGTCAG*ACCAAACCAATGCAGACCAAACCAATGCAGAACTCCT	exonic(no-known-CDS)/exonic(no-known-CDS)
AC240565.2	LINC02193	lncrna,exon-exon	0	3	3	16	BOWTIE	17:98893:-	16:90214682:+	ENSG00000280136	ENSG00000260923	ENSE00003760290	ENSE00002623947	GGTGAAGATTTACAACTTGATAAATCAACTTTGTCAG*ACCAAACCAATGCAGACCAAACCAATGCAGAACTCCT	exonic(no-known-CDS)/exonic(no-known-CDS)
AL133216.2	AL627309.5	pseudogene,lncrna,exon-exon	1	3	2	25	BOWTIE	10:38403550:+	1:172688:-	ENSG00000276805	ENSG00000241860	ENSE00003788055	ENSE00001890990	ATGATCCCACCACAGCATTCCAGCCTGCGAGATTGAG*GCCCTCACAATCCAGTGGAGGAGACGAAACTCATCTG	exonic(no-known-CDS)/exonic(no-known-CDS)
AL669831.1	AL627309.1	pseudogene,lncrna,exon-exon	0	3	3	16	BOWTIE	1:766329:-	1:92240:-	ENSG00000228327	ENSG00000238009	ENSE00001616222	ENSE00001944529	GGTGAAGATTTACAACTTGATAAATCAACTTTGTCAG*ACCAAACCAATGCAGACCAAACCAATGCAGAACTCCT	exonic(no-known-CDS)/exonic(no-known-CDS)
AL669831.1	LINC02193	pseudogene,lncrna,exon-exon	0	3	3	16	BOWTIE	1:766329:-	16:90214682:+	ENSG00000228327	ENSG00000260923	ENSE00001616222	ENSE00002623947	GGTGAAGATTTACAACTTGATAAATCAACTTTGTCAG*ACCAAACCAATGCAGACCAAACCAATGCAGAACTCCT	exonic(no-known-CDS)/exonic(no-known-CDS)
ARHGEF6	IDE	exon-exon	0	3	3	25	BOWTIE	X:136743585:-	10:92462604:-	ENSG00000129675	ENSG00000119912	ENSE00003665844	ENSE00003909654	TTCCCCAGTAATTATGTCCGTGAAATTAAATCCAGTG*ATGGAGTTTCGCTCTTGTTGCCCAGGCTGGAGTGCAA	in-frame
BMS1P4	AGAP6	lncrna,exon-exon	0	3	2	21	BOWTIE	10:73713204:-	10:49987165:+	ENSG00000271816	ENSG00000204149	ENSE00002439611	ENSE00003894829	ACTGAGAGGAAGCTACACAAAAGGCAGCAAAGTATTA*TTGCTCCTTCACATGTTCCCACTCTCTGTGCGGCCAC	exonic(no-known-CDS)/UTR
COQ8B	NUMBL	banned,known,adjacent,healthy,bodymap2,hpa,mitelman,tcga3,t2,gap<1K,readthrough,exon-exon	0	3	2	21	BOWTIE	19:40692951:-	19:40686995:-	ENSG00000123815	ENSG00000105245	ENSE00003529650	ENSE00003482506	CAGGGACCTCAAATTCCTCACAGGCTTTGAAACCAAG*GGCGGACCCCGGAGGCCTGAGCGGCACCTGCCCCCAG	in-frame
FAM157A	AL627309.1	pseudogene,lncrna,exon-exon	0	3	3	16	BOWTIE	3:198188730:+	1:92240:-	ENSG00000236438	ENSG00000238009	ENSE00003788513	ENSE00001944529	GGTGAAGATTTACAACTTGATAAATCAACTTTGTCAG*ACCAAACCAATGCAGACCAAACCAATGCAGAACTCCT	exonic(no-known-CDS)/exonic(no-known-CDS)
FAM157A	LINC02193	pseudogene,lncrna,exon-exon	0	3	3	16	BOWTIE	3:198188730:+	16:90214682:+	ENSG00000236438	ENSG00000260923	ENSE00003788513	ENSE00002623947	GGTGAAGATTTACAACTTGATAAATCAACTTTGTCAG*ACCAAACCAATGCAGACCAAACCAATGCAGAACTCCT	exonic(no-known-CDS)/exonic(no-known-CDS)
FAM157B	AL627309.1	pseudogene,lncrna,exon-exon	0	3	3	16	BOWTIE	9:138251596:+	1:92240:-	ENSG00000233013	ENSG00000238009	ENSE00002345807	ENSE00001944529	GGTGAAGATTTACAACTTGATAAATCAACTTTGTCAG*ACCAAACCAATGCAGACCAAACCAATGCAGAACTCCT	exonic(no-known-CDS)/exonic(no-known-CDS)
FAM157B	LINC02193	pseudogene,lncrna,exon-exon	0	3	3	16	BOWTIE	9:138251596:+	16:90214682:+	ENSG00000233013	ENSG00000260923	ENSE00002345807	ENSE00002623947	GGTGAAGATTTACAACTTGATAAATCAACTTTGTCAG*ACCAAACCAATGCAGACCAAACCAATGCAGAACTCCT	exonic(no-known-CDS)/exonic(no-known-CDS)
FAM157C	AL627309.1	lncrna,exon-exon	0	3	3	16	BOWTIE	16:90136600:+	1:92240:-	ENSG00000260528	ENSG00000238009	ENSE00002615604	ENSE00001944529	GGTGAAGATTTACAACTTGATAAATCAACTTTGTCAG*ACCAAACCAATGCAGACCAAACCAATGCAGAACTCCT	exonic(no-known-CDS)/exonic(no-known-CDS)
FAM157C	LINC01347	pseudogene,lncrna,exon-exon,reciprocal	8	3	2	19	BOWTIE	16:90158055:+	1:243066241:-	ENSG00000260528	ENSG00000214837	ENSE00002577839	ENSE00001735747	TCTCCTGCCTCAGCCTCCCGAGTAGCTGGGATTACAG*CTGGATCTACCATGAAAGACTTCTGAATCCAGGAAGA	exonic(no-known-CDS)/exonic(no-known-CDS)
FAM21FP	WASHC2A	pseudogene,exon-exon,reciprocal	0	3	5	25	BOWTIE	10:45715142:-	10:50104042:+	ENSG00000237840	ENSG00000099290	ENSE00002444961	ENSE00003563655	TCAGACAGATGAAAATAAAGCAAGAGCAGAAAAAAAG*GATTTGTTTTCTTCTCAAAGTGCGAGTAAGTTAAAAG	exonic(no-known-CDS)/CDS(truncated)
FAM21FP	WASHC2A	pseudogene,exon-exon,reciprocal	0	3	2	21	BOWTIE	10:45706431:-	10:50113895:+	ENSG00000237840	ENSG00000099290	ENSE00002520366	ENSE00003595056	GAAAGCATCTGCCCTGTTGTTCAGCAGTGATGAGGAG*CCAAAAGAAGACCCAGAGAGTGTCACTCCTCTTTGAA	exonic(no-known-CDS)/CDS(truncated)
FRG1BP	AL161457.2	pseudogene,lncrna,t2,exon-exon	0	3	3	21	BOWTIE	20:30391308:+	9:68399271:-	ENSG00000149531	ENSG00000233178	ENSE00000991067	ENSE00001727452	TGGACCAAGAGAACAATGGGAACCAGTCTTTCAAAAT*GGTGCCTGTGCAGCAGTATTCACTGTGATAGGAAGTG	exonic(no-known-CDS)/exonic(no-known-CDS)
FZD4	CTSB	cancer,exon-exon	0	3	3	19	BOWTIE	11:86954801:-	8:11865560:-	ENSG00000174804	ENSG00000164733	ENSE00001200454	ENSE00003909016	ACCGCTCATCCAGTACGGCTGCTCCAGCCAGCTGCAG*GCTGGAGTGCAGTGGCAAGATCTCAGCTCACTGCAAC	CDS(truncated)/UTR
IL6R	AL162591.2	adjacent,lncrna,10K<gap<100K,readthrough,exon-exon	0	3	2	20	BOWTIE	1:154454581:+	1:154480868:+	ENSG00000160712	ENSG00000273110	ENSE00003557564	ENSE00003706596	CCTTCGGAACGCTCCTCTGCATTGCCATTGTTCTGAG*GCCTGAAACTAACCAACTGAACTTGTCCAGTCATCGC	CDS(truncated)/exonic(no-known-CDS)
IMPDH1	AL354989.2	pseudogene	0	3	2	24	BOWTIE+BLAT	7:128398543:-	9:34134115:-	ENSG00000106348	ENSG00000239392			GCGATGAGCTGGTGGCCATCATCGCCCGCACCGACCTGAAGAAGAAC*AGAGGCAAATGAGATCCTGCAGCGTAGCAAGAAAGGGAAGCTGCCTATCA	CDS(truncated)/exonic(no-known-CDS)
LINC01002	LINC01881	pseudogene,lncrna,exon-exon	0	3	5	24	BOWTIE	19:231257:-	2:242159349:+	ENSG00000282508	ENSG00000220804	ENSE00003780813	ENSE00003717509	GGTGAAGATTTACAACTTGATAAATCAACTTTGTCAG*ACCAAACCAATGCAGACCAAACCAATGCAGAACTCCT	exonic(no-known-CDS)/exonic(no-known-CDS)
LINC01347	AC240565.2	pseudogene,lncrna,exon-exon	0	3	2	25	BOWTIE	1:243101386:-	17:105691:-	ENSG00000214837	ENSG00000280136	ENSE00001792978	ENSE00003755105	ATGATCCCACCACAGCATTCCAGCCTGCGAGATTGAG*GCCCTCACAATCCAGTGGAGGAGACGAAACTCATCTG	exonic(no-known-CDS)/exonic(no-known-CDS)
LINC01347	FAM157C	pseudogene,lncrna,exon-exon,reciprocal	8	3	2	25	BOWTIE	1:243101386:-	16:90129797:+	ENSG00000214837	ENSG00000260528	ENSE00001792978	ENSE00002602990	ATGATCCCACCACAGCATTCCAGCCTGCGAGATTGAG*GCCCTCACAATCCAGTGGAGGAGACGAAACTCATCTG	exonic(no-known-CDS)/exonic(no-known-CDS)
LINC01347	FAM157C	pseudogene,lncrna,exon-exon,reciprocal	8	3	2	19	BOWTIE	1:243067625:-	16:90159433:+	ENSG00000214837	ENSG00000260528	ENSE00003773448	ENSE00002614766	TCTCCTGCCTCAGCCTCCCGAGTAGCTGGGATTACAG*CTGGATCTACCATGAAAGACTTGTGAATCCAGGAAGA	exonic(no-known-CDS)/exonic(no-known-CDS)
LINC01881	FBXO25	pseudogene,cortex,exon-exon	0	3	2	23	BOWTIE	2:242095027:+	8:431341:+	ENSG00000220804	ENSG00000147364	ENSE00001741019	ENSE00003460930	AAAGAGAGAATAACCATTGTAACATCAGTCACAGCAT*TATCTTAAATAGTGAAGATGGAGAAATATTCAATAAT	exonic(no-known-CDS)/CDS(truncated)
LINC01881	LINC00266-4P	pseudogene,lncrna,exon-exon	0	3	3	18	BOWTIE	2:242119057:+	Y:25387085:-	ENSG00000220804	ENSG00000228786	ENSE00003582247	ENSE00001653980	AATTCAAGATACCCGAAGGTTCAATTATGTGGTCAAA*CTGCAGGACAAGTTCGAGCATCTTAAAATGATTCAGC	exonic(no-known-CDS)/exonic(no-known-CDS)
LYPLAL1-AS1	SELENOP	lncrna,exon-exon	0	3	3	17	BOWTIE	1:219411849:-	5:42808366:-	ENSG00000228536	ENSG00000250722	ENSE00003860131	ENSE00003467612	CTCACTGACTTCAAGAATGAAGCCACGGACCCTGGCG*GACAACCCCAGCAATGTGGAGAAGCCTGGGGCTTGCC	exonic(no-known-CDS)/UTR
METTL23	MFSD11	banned,known,adjacent,healthy,hpa,18cancers,t1,1K<gap<10K,readthrough,exon-exon	0	3	2	22	BOWTIE	17:76733377:+	17:76736190:+	ENSG00000181038	ENSG00000092931	ENSE00003610819	ENSE00002938819	CCAAGGTCCAATTGTGGTCTACTTATCAAGTTAGGAG*GAGACTTGGGGGGACTCTTCGATCGCGACCTGGATTT	CDS(truncated)/UTR
NUTM2B-AS1	NUTM2A-AS1	lncrna,exon-exon	27	3	3	22	BOWTIE	10:79723915:-	10:87208512:-	ENSG00000225484	ENSG00000223482	ENSE00003722651	ENSE00003882995	CCTCCTGCCTCAGCCTCCAAAGTAGCTGAGACTAGAG*CAGTTTAAGTATAGTGTGCCTGGGCCGGGTGCGGTGG	exonic(no-known-CDS)/exonic(no-known-CDS)
POLR2J	AC105052.1	100K<gap<200K,exon-exon	0	3	2	20	BOWTIE	7:102476181:-	7:102640773:-	ENSG00000005075	ENSG00000205236	ENSE00002504427	ENSE00003467591	ACAAAGAAGACCACACACTGGGAAACATCATTAAATC*CTGCCCCAGAGCACATCAGCTATGTGCCCCAGCTCTC	out-of-frame
POLR2J2	AC105052.1	adjacent,10K<gap<100K,readthrough,exon-exon	0	3	2	20	BOWTIE	7:102668915:-	7:102640773:-	ENSG00000228049	ENSG00000205236	ENSE00003655614	ENSE00003467591	ACAAAGAAGACCACACACTGGGAAACATCATTAAATC*CTGCCCCAGAGCACATCAGCTATGTGCCCCAGCTCTC	out-of-frame
RASA4CP	POLR2J3	pseudogene,exon-exon	0	3	2	17	BOWTIE	7:44029567:-	7:102569924:-	ENSG00000228903	ENSG00000168255	ENSE00003661519	ENSE00003824147	GCAGAGGCAGGCACGGTGCCCACGAGCCCTGGCAAAG*GATCACCATTAACAAGGACACCAAGGTACCCAATGCC	exonic(no-known-CDS)/CDS(truncated)
RPL41P2	RBFOX2	pseudogene,ribosomal	0	3	3	23	BOWTIE+BLAT	15:28315893:+	22:35838551:-	ENSG00000256338	ENSG00000100320			AAGTTGTGGGACTGCATGCCACTGTCTAGAGCTTGTCTCAATGGATCTAG*ACAGGAGCAGAAACATGGAATGCCAGACGCTGGGGATGCTGGTACAAGTT	exonic(no-known-CDS)/intronic
SERF1A	SMN1	banned,known,adjacent,bodymap2,hpa,chimer4seq,1K<gap<10K,readthrough,exon-exon	0	3	2	23	BOWTIE	5:70917048:+	5:70938839:+	ENSG00000172058	ENSG00000172062	ENSE00002077354	ENSE00001688516	ATCCTTGCTTTCCTCTTCCAGCTGCTGGTGGCTCCAG*AGCGATGATTCTGACATTTGGGATGATACAGCACTGA	out-of-frame
SERF1B	SMN1	exon-exon	0	3	2	23	BOWTIE	5:70041631:+	5:70938839:+	ENSG00000205572	ENSG00000172062	ENSE00002020870	ENSE00001688516	ATCCTTGCTTTCCTCTTCCAGCTGCTGGTGGCTCCAG*AGCGATGATTCTGACATTTGGGATGATACAGCACTGA	out-of-frame
SERF1B	SMN2	adjacent,1K<gap<10K,readthrough,exon-exon	0	3	2	23	BOWTIE	5:70041631:+	5:70063415:+	ENSG00000205572	ENSG00000205571	ENSE00002020870	ENSE00001725187	ATCCTTGCTTTCCTCTTCCAGCTGCTGGTGGCTCCAG*AGCGATGATTCTGACATTTGGGATGATACAGCACTGA	out-of-frame
VIM	PRG4	oncogene,cancer,t1	0	3	6	25	BOWTIE+BLAT;BOWTIE+STAR	10:17237608:+	1:186296846:+	ENSG00000026025	ENSG00000116690			CTTGGTTCTGCTTCAATAAATCTTTGGAAAAACTCATCTATCCTTTACGG*CAAGGGTACCTACGGTACCTGAAAACAACGATGGCATGGAAAACACTTCC	intergenic/UTR
WASH2P	WASH8P	pseudogene,exon-exon,reciprocal	0	3	2	22	BOWTIE	2:113595515:+	12:17170:-	ENSG00000146556	ENSG00000226210	ENSE00003284284	ENSE00003394647	GAGCAAGCACCGCCCCCTGGACGAGCGGGCCCTGCAG*GTCCCAGAGAACTACTTCTATGTGCCAGACCTGGGCC	exonic(no-known-CDS)/exonic(no-known-CDS)
WASH8P	WASH2P	pseudogene,exon-exon,reciprocal	0	3	2	22	BOWTIE	12:18037:-	2:113596381:+	ENSG00000226210	ENSG00000146556	ENSE00003393022	ENSE00003640372	GAGCAAGCACCGCCCCCTGGACGAGCGGGCCCTGCAG*GTCCCTGAGAACTACTTCTATGTGCCAGACCTGGGCC	exonic(no-known-CDS)/exonic(no-known-CDS)
WASHC1	WASH9P	pseudogene,exon-exon	0	3	2	22	BOWTIE	9:18028:-	1:187577:-	ENSG00000181404	ENSG00000279457	ENSE00003568262	ENSE00003755701	GAGCAAGCACCGCCCCCTGGACGAGCGGGCCCTGCAG*GTCCCAGAGAACTACTTCTATGTGCCAGACCTGGGCC	CDS(truncated)/exonic(no-known-CDS)
WASHC2A	FAM21FP	pseudogene,exon-exon,reciprocal	0	3	5	25	BOWTIE	10:50097802:+	10:45708867:-	ENSG00000099290	ENSG00000237840	ENSE00003691776	ENSE00002463405	TCAGACAGATGAAAATAAAGCAAGAGCAGAAAAAAAG*GATTTGTTTTCTTCTCAAAGTGCGAGTAACTTAAAAG	CDS(truncated)/exonic(no-known-CDS)
AC105052.3	RASA4	adjacent,cacg,10K<gap<100K,readthrough,exon-exon	0	2	3	21	BOWTIE	7:102638714:-	7:102611142:-	ENSG00000267645	ENSG00000105808	ENSE00003624192	ENSE00003640475	TCCTCACGGTCCTCCTGGCTGTGCTCATATACACCTG*CACTGGCAGCAGCGACCCCTACTGCATCGTGAAGGTG	UTR/CDS(truncated)
AC105052.3	RASA4B	100K<gap<200K,exon-exon	0	2	3	21	BOWTIE	7:102638714:-	7:102511981:-	ENSG00000267645	ENSG00000170667	ENSE00003624192	ENSE00003704426	TCCTCACGGTCCTCCTGGCTGTGCTCATATACACCTG*CACTGGCAGCAGCGACCCCTACTGCATCGTGAAGGTG	UTR/CDS(truncated)
ACTB	LBR	cancer,exon-exon	0	2	2	14	BOWTIE	7:5527152:-	1:225428925:-	ENSG00000075624	ENSG00000143815	ENSE00003904004	ENSE00001737490	ACTTGAGACCAGTTGAATAAAAGTGCACACCTTAAAA*AGCAGAAAAAAAAAAGCTTAGGATCCGTAACAGATTC	UTR/UTR
AL691447.2	MFSD14B	adjacent,lncrna,ccle,t1,10K<gap<100K,readthrough,exon-exon	0	2	2	23	BOWTIE	9:94339020:+	9:94415158:+	ENSG00000232063	ENSG00000148110	ENSE00001692896	ENSE00001703347	TCCCTTTCCAGGGAGGGAACAAAGCCCACAAGCACCG*CTACAAGGCTTTGGCCGACCAAGTGTGTACCATGCTG	exonic(no-known-CDS)/CDS(truncated)
BMS1	AGAP5	exon-exon	0	2	3	24	BOWTIE	10:42792614:+	10:73682794:-	ENSG00000165733	ENSG00000172650	ENSE00002438287	ENSE00003650132	GCACACTTGAAAAATAAAAGCCAAATTCACATGCCAG*GTATCTACTGAGCGTTTCAGTCAACAATACAGCTCGT	out-of-frame
EFEMP1	FBN1	exon-exon	0	2	3	19	BOWTIE	2:55877746:-	15:48485496:-	ENSG00000115380	ENSG00000166147	ENSE00000932702	ENSE00001620699	GGGTTTCAATTGGCAGCAAACAACTATACCTGCGTAG*ACATTGATGAATGCAGCATAATGAATGGTGGTTGTGA	in-frame
EFEMP1	FBN1	exon-exon	0	2	2	18	BOWTIE	2:55881612:-	15:48492586:-	ENSG00000115380	ENSG00000166147	ENSE00001266691	ENSE00001769793	CCTCCTGGATATCAGAAGCGAGGGGAGCAGTGCGTAG*ATATAGATGAATGTGAAGTGTTCCCAGGAGTGTGTAA	in-frame
EIF3C	NPIPB5	cancer,exon-exon	0	2	2	23	BOWTIE	16:28721032:+	16:22507337:+	ENSG00000184110	ENSG00000243716	ENSE00002612719	ENSE00002285337	CAGTTCTCCTCAGCCTCCCAAGTAGCTGGGATTACAG*AGCTTGAAATGAATTTTAAAGGATGACTGATGGTCCT	UTR/UTR
FHL1	ANXA1	cancer,exon-exon	0	2	2	20	BOWTIE	X:136160569:+	9:73158522:+	ENSG00000022267	ENSG00000135046	ENSE00003842891	ENSE00003569681	CCCTCTGCTTCAGCCTCCTGAGTAGCTGGGACTGCAG*ACACTTTTTCAAAAATGGCAATGGTATCAGAATTCCT	UTR/CDS(no-known-start-or-end)
FRG1	AL161457.2	lncrna,t2,exon-exon	0	2	3	21	BOWTIE	4:189955151:+	9:68399271:-	ENSG00000109536	ENSG00000233178	ENSE00003463981	ENSE00001727452	TGGACCAAGAGAACAATGGGAACCAGTCTTTCAAAAT*GGTGCCTGTGCAGCAGTATTCACTGTGATAGGAAGTG	CDS(truncated)/exonic(no-known-CDS)
FRG1BP	FRG1CP	pseudogene,exon-exon,reciprocal	0	2	14	23	BOWTIE	20:30388578:+	20:28588757:-	ENSG00000149531	ENSG00000282826	ENSE00003506998	ENSE00003790943	AATGGTCTTTTTACCCTGGGAGCTCCACACAAAGAAG*AATCACCCTGAAATCTGGCTATGGAAAATATCTTGGT	exonic(no-known-CDS)/exonic(no-known-CDS)
FRG1CP	FRG1BP	pseudogene,exon-exon,reciprocal	0	2	14	23	BOWTIE	20:28591394:-	20:30391197:+	ENSG00000282826	ENSG00000149531	ENSE00003790336	ENSE00000991067	AATGGTCTTTTTACCCTGGGAGCTCCACACAAAGAAG*AATCGCCCTGAAATCTGGCTATGGAAAATATCTTGGT	exonic(no-known-CDS)/exonic(no-known-CDS)
GSN	CNOT1	cancer,exon-exon	0	2	2	15	BOWTIE	9:121281562:+	16:58624794:-	ENSG00000148180	ENSG00000125107	ENSE00001366497	ENSE00002583055	ACGGAGCAGCACTCTTCACCCTGCACAGCCTTGTTAG*ATGGAGTCTTGCTCTGTTGCCCAGGCTTGAGAGCAGT	UTR/UTR
GSN	MYO1C	cancer,exon-exon	0	2	4	25	BOWTIE	9:121283392:+	17:1475032:-	ENSG00000148180	ENSG00000197879	ENSE00001851359	ENSE00001199040	GGCACGATCTCAGCTCACTGCAACCTCCTCCTCCCAG*GCACAAGCTGGCTGACCAGCGGACCAGGAAATCTCTG	UTR/CDS(truncated)
GSN	RBL2	cancer,tumor,exon-exon	0	2	2	15	BOWTIE	9:121281562:+	16:53454226:+	ENSG00000148180	ENSG00000103479	ENSE00001366497	ENSE00001701566	ACGGAGCAGCACTCTTCACCCTGCACAGCCTTGTTAG*ATGGAGTCTCGCTGTGTCGCCCAGGCTGGAATGCAGT	UTR/UTR
LERFS	FGF7	lncrna,cancer,exon-exon	0	2	2	22	BOWTIE	9:62897419:-	15:49483151:+	ENSG00000234665	ENSG00000140285	ENSE00003874753	ENSE00003665719	CAGTGCCCTTCAGTTAAAGACCACCAGGAGCACACTT*ATATCATGGAAATCAGGACAGTGGCAGTTGGAATTGT	exonic(no-known-CDS)/CDS(truncated)
LINC01907	FAH	lncrna,exon-exon	0	2	2	25	BOWTIE	2:230700323:-	15:80186130:+	ENSG00000226125	ENSG00000103876	ENSE00001602654	ENSE00002538725	TCTCCTGCCTTAGCCTCCCGAGTAGCTGGGATTACAG*GGTACTGCCAGGGGGATGGTTACCGCATCGGCTTTGG	exonic(no-known-CDS)/CDS(truncated)
MERTK	ZNF780A	oncogene,cancer,tumor,ccle3,t2,exon-exon	0	2	3	23	BOWTIE	2:112022394:+	19:40072649:-	ENSG00000153208	ENSG00000197782	ENSE00003467795	ENSE00001649061	ACAGGTTGAAGCAGCCCGAAGACTGCCTGGATGAACT*TTGCAAGATTTAATAGAGTGAAAACAGAGCTCCCATA	CDS(truncated)/UTR
MYCBP2	FHL1	exon-exon	0	2	2	15	BOWTIE	13:77129156:-	X:136209871:+	ENSG00000005810	ENSG00000022267	ENSE00001931917	ENSE00001453284	CGTATTTTCATGGACTTCCAAAGCTTTTTTCCCCCAG*GGTTTGGTAAAGGCTCCAGTGTGGTGGCCTATGAAGG	UTR/CDS(truncated)
PDCD6IP	AC091951.3	pseudogene,t2,exon-exon	0	2	2	24	BOWTIE	3:33855260:+	5:7290792:+	ENSG00000170248	ENSG00000251250	ENSE00003647437	ENSE00003832812	TTTTTGCACGGAAGACAGAAAGAGATGAACTCTTAAA*GCCTGAGACCTGGGAGGAAGCTGGAGAAAAGATGCCC	CDS(truncated)/exonic(no-known-CDS)
PDCD6IP	HERC2	t2,exon-exon	0	2	2	24	BOWTIE	3:33855260:+	15:28321464:-	ENSG00000170248	ENSG00000128731	ENSE00003647437	ENSE00003655270	TTTTTGCACGGAAGACAGAAAGAGATGAACTCTTAAA*GCCTGAGACCTGGGAGGAAGCTGGAGAAAAGATGCCC	CDS(truncated)/UTR
POLR2J	AC093668.1	10K<gap<100K,exon-exon	0	2	2	20	BOWTIE	7:102476181:-	7:102541662:-	ENSG00000005075	ENSG00000270249	ENSE00002504427	ENSE00003660797	ACAAAGAAGACCACACACTGGGAAACATCATTAAATC*CTGCCCCAGAGCACATCAGCTATGTGCCCCAGCTCTC	CDS(truncated)/CDS(no-known-start-or-end)
SMPD4	SMPD4BP	pseudogene,exon-exon,reciprocal	0	2	2	22	BOWTIE	2:130176554:-	2:131500204:+	ENSG00000136699	ENSG00000152117	ENSE00003625594	ENSE00003674948	GGCGTTCCCTCACCTGCAGCAGCCCAGCTTTCTACTG*GAGCTGCACACCATCTTCCCATGGCTGGTAGAGAGCA	CDS(truncated)/exonic(no-known-CDS)
SMPD4BP	SMPD4	pseudogene,exon-exon,reciprocal	0	2	2	22	BOWTIE	2:131497293:+	2:130173656:-	ENSG00000152117	ENSG00000136699	ENSE00003592195	ENSE00003484532	GGCGTTCCCTCACCTGCAGCAGCCCAGCTTTCTACTG*GAGCTGCACACCATCTTCCCATGGCTGGTAGAAAGCA	exonic(no-known-CDS)/CDS(truncated)
SORBS1	TNFRSF1A	cancer,exon-exon	0	2	6	24	BOWTIE	10:95386991:-	12:6330926:-	ENSG00000095637	ENSG00000067182	ENSE00000987304	ENSE00003464937	CCTCCCACCTCAGCCTCCCAAGTAGCTGGGACTGCAG*CTGTAAGAAAAGCCTGGAGTGCACGAAGTTGTGCCTA	out-of-frame
SORBS1	TNFRSF1A	cancer,exon-exon	0	2	3	17	BOWTIE	10:95493165:-	12:6330926:-	ENSG00000095637	ENSG00000067182	ENSE00002468551	ENSE00003464937	CCTGAGTAGCTGGGATTACAG*CTGTAAGAAAAGCCTGGAGTGCACGAAGTTGTGCCTA	UTR/CDS(truncated)
TRAF3IP2	NPIPB5	exon-exon	0	2	2	23	BOWTIE	6:111595703:-	16:22507337:+	ENSG00000056972	ENSG00000243716	ENSE00001731355	ENSE00002285337	TCTCCTGCCTCAGCCTCTGGAGTAGCTGGGATTACAG*AGCTTGAAATGAATTTTAAAGGATGACTGATGGTCCT	UTR/UTR
UBE2Q2	GOLGA6L17P	pseudogene,exon-exon	0	2	4	24	BOWTIE	15:75891014:+	15:82521404:+	ENSG00000140367	ENSG00000277741	ENSE00003472679	ENSE00003714972	CAAAGGCAAAGCCAGAGTGCAGTTTGGAGCAAATAAG*TTAAAAGCATATTGGCAGAGGAAGAGCCCTGGCATTC	CDS(truncated)/exonic(no-known-CDS)
UBE2Q2	GOLGA6L3	pseudogene,exon-exon	0	2	4	24	BOWTIE	15:75891014:+	15:85242220:+	ENSG00000140367	ENSG00000188388	ENSE00003472679	ENSE00003559431	CAAAGGCAAAGCCAGAGTGCAGTTTGGAGCAAATAAG*TTAAAAGCATATTGGCAGAGGAAGAGCCCTGGCATTC	CDS(truncated)/exonic(no-known-CDS)
UBE2Q2	GOLGA6L4	exon-exon	0	2	4	24	BOWTIE	15:75891014:+	15:84237586:+	ENSG00000140367	ENSG00000184206	ENSE00003472679	ENSE00002440031	CAAAGGCAAAGCCAGAGTGCAGTTTGGAGCAAATAAG*TTAAAAGCATATTGGCAGAGGAAGAGCCCTGGCATTC	in-frame
UBE2Q2	GOLGA6L5P	pseudogene,exon-exon	0	2	4	24	BOWTIE	15:75891014:+	15:84515034:-	ENSG00000140367	ENSG00000230373	ENSE00003472679	ENSE00003538142	CAAAGGCAAAGCCAGAGTGCAGTTTGGAGCAAATAAG*TTAAAAGCATATTGGCAGAGGAAGAGCCCTGGCATTC	CDS(truncated)/exonic(no-known-CDS)
WASH2P	WASH4P	pseudogene,exon-exon	0	2	2	22	BOWTIE	2:113595515:+	16:16738:-	ENSG00000146556	ENSG00000234769	ENSE00003284284	ENSE00001686309	GAGCAAGCACCGCCCCCTGGACGAGCGGGCCCTGCAG*GTCCCAGAGAACTACTTCTATGTGCCAGACCTGGGCC	exonic(no-known-CDS)/exonic(no-known-CDS)
WASH2P	WASH9P	pseudogene,exon-exon,reciprocal	0	2	2	22	BOWTIE	2:113595515:+	1:187577:-	ENSG00000146556	ENSG00000279457	ENSE00003284284	ENSE00003755701	GAGCAAGCACCGCCCCCTGGACGAGCGGGCCCTGCAG*GTCCCAGAGAACTACTTCTATGTGCCAGACCTGGGCC	exonic(no-known-CDS)/exonic(no-known-CDS)
WASH3P	WASH6P	pseudogene,exon-exon,reciprocal	0	2	3	22	BOWTIE	15:101973047:+	X:156023012:+	ENSG00000185596	ENSG00000182484	ENSE00003637821	ENSE00001909874	GAGCAAGCACCGCCCCCTGGACGAGCGGGCCCTGCAG*GTCCCAGAGAACTACTTCTATGTGCCAGACCTGGGCC	exonic(no-known-CDS)/CDS(truncated)
WASH3P	WASH6P	pseudogene,exon-exon,reciprocal	0	2	2	25	BOWTIE	15:101966223:+	X:156021999:+	ENSG00000185596	ENSG00000182484	ENSE00003488566	ENSE00003462616	AGTACCTGCAGAAGGTCTCTGGAGACATCTTCAGCAG*GTGTTCTCCAGTGCCAAGTACCCTGCTCCAGAGCGCC	exonic(no-known-CDS)/CDS(truncated)
WASH3P	WASH8P	pseudogene,exon-exon,reciprocal	0	2	2	25	BOWTIE	15:101966223:+	12:18183:-	ENSG00000185596	ENSG00000226210	ENSE00003488566	ENSE00003393022	AGTACCTGCAGAAGGTCTCTGGAGACATCTTCAGCAG*GTGTTCTCCAGTGCCAAGTACCCTGCTCCAGAGCACC	exonic(no-known-CDS)/exonic(no-known-CDS)
WASH3P	WASH8P	pseudogene,exon-exon,reciprocal	0	2	2	22	BOWTIE	15:101973047:+	12:17170:-	ENSG00000185596	ENSG00000226210	ENSE00003637821	ENSE00003394647	GAGCAAGCACCGCCCCCTGGACGAGCGGGCCCTGCAG*GTCCCAGAGAACTACTTCTATGTGCCAGACCTGGGCC	exonic(no-known-CDS)/exonic(no-known-CDS)
WASH6P	WASH3P	pseudogene,exon-exon,reciprocal	0	2	3	22	BOWTIE	X:156022145:+	15:101973905:+	ENSG00000182484	ENSG00000185596	ENSE00003462616	ENSE00002520728	GAGCAAGCACCGCCCCCTGGACGAGCGGGCCCTGCAG*GTCCCAGAGAACTACTTCTATGTGCCAGACCTGGG	CDS(truncated)/exonic(no-known-CDS)
WASH8P	WASH3P	pseudogene,exon-exon,reciprocal	0	2	2	25	BOWTIE	12:26801:-	15:101972901:+	ENSG00000226210	ENSG00000185596	ENSE00001764698	ENSE00003637821	AGTACCTGCAGAAGGTCTCTGGAGACATCTTCAGCAG*GTGTTCTCCAGTGCCAAGTACCCTGCTCCAGAGCGCC	exonic(no-known-CDS)/exonic(no-known-CDS)
WASH8P	WASH3P	pseudogene,exon-exon,reciprocal	0	2	2	22	BOWTIE	12:18037:-	15:101973905:+	ENSG00000226210	ENSG00000185596	ENSE00003393022	ENSE00002520728	GAGCAAGCACCGCCCCCTGGACGAGCGGGCCCTGCAG*GTCCCAGAGAACTACTTCTATGTGCCAGACCTGGG	exonic(no-known-CDS)/exonic(no-known-CDS)
WASH9P	WASH2P	pseudogene,exon-exon,reciprocal	0	2	2	22	BOWTIE	1:188439:-	2:113596381:+	ENSG00000279457	ENSG00000146556	ENSE00003755821	ENSE00003640372	GAGCAAGCACCGCCCCCTGGACGAGCGGGCCCTGCAG*GTCCCTGAGAACTACTTCTATGTGCCAGACCTGGGCC	exonic(no-known-CDS)/exonic(no-known-CDS)
